{
    "width": "1024",
    "height": "1024",
    "fov": "35.0",
    "from": "16.2155 4.05167 0.0114864",
    "to": "15.215523 4.0469998899999995 0.00646176",
    "up": "-0.00467005 0.999989 -2.34659e-05",
    "instances": [{
    "filename": "Mesh007.gem",
    "world": [1.0, 0.0, 0.0, 0.0, 0.0, 1.0, 0.0, 0.0, 0.0, 0.0, -1.0, 0.0, 0.0, 0.0, 0.0, 1.0],
    "bsdf": "conductor",
    "roughness": "0.023773272363999894",
    "extEta": "1",
    "reflectance": "1_1_1_1.0.png",
    "eta": "2.8656 2.11918 1.94008",
    "k": "3.03233 2.05611 1.61629"
}, {
    "filename": "Mesh004.gem",
    "world": [1.0, 0.0, 0.0, 0.0, 0.0, 1.0, 0.0, 0.0, 0.0, 0.0, -1.0, 0.0, 0.0, 0.0, 0.0, 1.0],
    "bsdf": "diffuse",
    "reflectance": "0.5_0.5_0.5_1.0.png"
}, {
    "filename": "Rectangle.gem",
    "world": [-1.20536e-08, 0.275755, 1.20536e-08, -2.48161, 0.0, -6.64767e-09, 0.152081, 6.0, 0.275754, 1.20536e-08, 5.2688e-16, 2.5894, 0.0, 0.0, 0.0, 1.0],
    "bsdf": "diffuse",
    "reflectance": "0.5_0.5_0.5_1.0.png",
    "emission": "523.258 523.258 523.258"
}, {
    "filename": "Rectangle.gem",
    "world": [-0.0101082, 0.067068, 0.00138972, -2.69082, -0.0610016, -0.0070995, -0.00842772, 5.10417, -0.0282857, -0.00865658, 0.0176788, -3.77057, 0.0, 0.0, 0.0, 1.0],
    "bsdf": "diffuse",
    "reflectance": "0.5_0.5_0.5_1.0.png",
    "emission": "12048.2 8605.84 6196.21"
}, {
    "filename": "Mesh001.gem",
    "world": [1.0, 0.0, 0.0, 0.0, 0.0, 1.0, 0.0, 0.0, 0.0, 0.0, -1.0, 0.0, 0.0, 0.0, 0.0, 1.0],
    "bsdf": "conductor",
    "roughness": "0.023773272363999894",
    "extEta": "1",
    "reflectance": "1_1_1_1.0.png",
    "eta": "2.8656 2.11918 1.94008",
    "k": "3.03233 2.05611 1.61629"
}, {
    "filename": "Mesh005.gem",
    "world": [1.0, 0.0, 0.0, 0.0, 0.0, 1.0, 0.0, 0.0, 0.0, 0.0, -1.0, 0.0, 0.0, 0.0, 0.0, 1.0],
    "bsdf": "conductor",
    "roughness": "0.023773272363999894",
    "extEta": "1",
    "reflectance": "1_1_1_1.0.png",
    "eta": "2.8656 2.11918 1.94008",
    "k": "3.03233 2.05611 1.61629"
}, {
    "filename": "Mesh008.gem",
    "world": [1.0, 0.0, 0.0, 0.0, 0.0, 1.0, 0.0, 0.0, 0.0, 0.0, -1.0, 0.0, 0.0, 0.0, 0.0, 1.0],
    "bsdf": "diffuse",
    "reflectance": "0.5_0.5_0.5_1.0.png"
}, {
    "filename": "Mesh002.gem",
    "world": [1.0, 0.0, 0.0, 0.0, 0.0, 1.0, 0.0, 0.0, 0.0, 0.0, -1.0, 0.0, 0.0, 0.0, 0.0, 1.0],
    "bsdf": "glass",
    "reflectance": "1_1_1.png"
}, {
    "filename": "Mesh011.gem",
    "world": [1.0, 0.0, 0.0, 0.0, 0.0, 1.0, 0.0, 0.0, 0.0, 0.0, -1.0, 0.0, 0.0, 0.0, 0.0, 1.0],
    "bsdf": "diffuse",
    "reflectance": "0.5_0.5_0.5_1.0.png"
}, {
    "filename": "Mesh003.gem",
    "world": [1.0, 0.0, 0.0, 0.0, 0.0, 1.0, 0.0, 0.0, 0.0, 0.0, -1.0, 0.0, 0.0, 0.0, 0.0, 1.0],
    "bsdf": "diffuse",
    "reflectance": "0.5_0.5_0.5_1.0.png"
}, {
    "filename": "Mesh009.gem",
    "world": [1.0, 0.0, 0.0, 0.0, 0.0, 1.0, 0.0, 0.0, 0.0, 0.0, -1.0, 0.0, 0.0, 0.0, 0.0, 1.0],
    "bsdf": "diffuse",
    "reflectance": "0.5_0.5_0.5_1.0.png"
}, {
    "filename": "Mesh006.gem",
    "world": [1.0, 0.0, 0.0, 0.0, 0.0, 1.0, 0.0, 0.0, 0.0, 0.0, -1.0, 0.0, 0.0, 0.0, 0.0, 1.0],
    "bsdf": "diffuse",
    "reflectance": "0.5_0.5_0.5_1.0.png"
}, {
    "filename": "Mesh000.gem",
    "world": [1.0, 0.0, 0.0, 0.0, 0.0, 1.0, 0.0, 0.0, 0.0, 0.0, -1.0, 0.0, 0.0, 0.0, 0.0, 1.0],
    "bsdf": "diffuse",
    "reflectance": "0.32963_0.257976_0.150292_1.0.png"
}, {
    "filename": "Mesh010.gem",
    "world": [1.0, 0.0, 0.0, 0.0, 0.0, 1.0, 0.0, 0.0, 0.0, 0.0, -1.0, 0.0, 0.0, 0.0, 0.0, 1.0],
    "bsdf": "diffuse",
    "reflectance": "0.5_0.5_0.5_1.0.png"
}]
}