{
    "width": "800",
    "height": "1000",
    "fov": "25.0",
    "from": "-0.004412 0.206167 1.027991",
    "to": "0.00285352 0.1668483 0.028791000000000122",
    "up": "0.000285892 0.999227 -0.0393177",
    "instances": [{
    "filename": "Mesh013.gem",
    "world": [1.0, 0.0, 0.0, 0.0, 0.0, 1.0, 0.0, 0.0, 0.0, 0.0, -1.0, 0.0, 0.0, 0.0, 0.0, 1.0],
    "bsdf": "plastic",
    "roughness": "0.003803723578239983",
    "intIOR": "1.5",
    "extIOR": "1",
    "reflectance": "0.00631_0.00631_0.00631_1.0.png"
}, {
    "filename": "Mesh008.gem",
    "world": [1.0, 0.0, 0.0, 0.0, 0.0, 1.0, 0.0, 0.0, 0.0, 0.0, -1.0, 0.0, 0.0, 0.0, 0.0, 1.0],
    "bsdf": "plastic",
    "roughness": "0.003803723578239983",
    "intIOR": "1.5",
    "extIOR": "1",
    "reflectance": "0.00631_0.00631_0.00631_1.0.png"
}, {
    "filename": "Mesh010.gem",
    "world": [1.0, 0.0, 0.0, 0.0, 0.0, 1.0, 0.0, 0.0, 0.0, 0.0, -1.0, 0.0, 0.0, 0.0, 0.0, 1.0],
    "bsdf": "glass",
    "reflectance": "1_1_1.png"
}, {
    "filename": "Mesh009.gem",
    "world": [1.0, 0.0, 0.0, 0.0, 0.0, 1.0, 0.0, 0.0, 0.0, 0.0, -1.0, 0.0, 0.0, 0.0, 0.0, 1.0],
    "bsdf": "plastic",
    "roughness": "0",
    "intIOR": "1.5",
    "extIOR": "1",
    "reflectance": "1_0.378676_0.0134734_1.0.png"
}, {
    "filename": "Mesh015.gem",
    "world": [1.0, 0.0, 0.0, 0.0, 0.0, 1.0, 0.0, 0.0, 0.0, 0.0, -1.0, 0.0, 0.0, 0.0, 0.0, 1.0],
    "bsdf": "mirror",
    "reflectance": "1_1_1.png"
}, {
    "filename": "Mesh012.gem",
    "world": [1.0, 0.0, 0.0, 0.0, 0.0, 1.0, 0.0, 0.0, 0.0, 0.0, -1.0, 0.0, 0.0, 0.0, 0.0, 1.0],
    "bsdf": "plastic",
    "roughness": "0",
    "intIOR": "1.5",
    "extIOR": "1",
    "reflectance": "1_0.378676_0.0134734_1.0.png"
}, {
    "filename": "Mesh016.gem",
    "world": [1.0, 0.0, 0.0, 0.0, 0.0, 1.0, 0.0, 0.0, 0.0, 0.0, -1.0, 0.0, 0.0, 0.0, 0.0, 1.0],
    "bsdf": "plastic",
    "roughness": "0",
    "intIOR": "1.5",
    "extIOR": "1",
    "reflectance": "1_0.378676_0.0134734_1.0.png"
}, {
    "filename": "Mesh017.gem",
    "world": [1.0, 0.0, 0.0, 0.0, 0.0, 1.0, 0.0, 0.0, 0.0, 0.0, -1.0, 0.0, 0.0, 0.0, 0.0, 1.0],
    "bsdf": "plastic",
    "roughness": "0.003803723578239983",
    "intIOR": "1.5",
    "extIOR": "1",
    "reflectance": "0.00631_0.00631_0.00631_1.0.png"
}, {
    "filename": "Mesh018.gem",
    "world": [1.0, 0.0, 0.0, 0.0, 0.0, 1.0, 0.0, 0.0, 0.0, 0.0, -1.0, 0.0, 0.0, 0.0, 0.0, 1.0],
    "bsdf": "plastic",
    "roughness": "0.003803723578239983",
    "intIOR": "1.5",
    "extIOR": "1",
    "reflectance": "0.00631_0.00631_0.00631_1.0.png"
}, {
    "filename": "Mesh019.gem",
    "world": [1.0, 0.0, 0.0, 0.0, 0.0, 1.0, 0.0, 0.0, 0.0, 0.0, -1.0, 0.0, 0.0, 0.0, 0.0, 1.0],
    "bsdf": "plastic",
    "roughness": "0.003803723578239983",
    "intIOR": "1.5",
    "extIOR": "1",
    "reflectance": "0.00631_0.00631_0.00631_1.0.png"
}, {
    "filename": "Mesh007.gem",
    "world": [1.0, 0.0, 0.0, 0.0, 0.0, 1.0, 0.0, 0.0, 0.0, 0.0, -1.0, 0.0, 0.0, 0.0, 0.0, 1.0],
    "bsdf": "plastic",
    "roughness": "0.003803723578239983",
    "intIOR": "1.5",
    "extIOR": "1",
    "reflectance": "0.00631_0.00631_0.00631_1.0.png"
}, {
    "filename": "Mesh006.gem",
    "world": [1.0, 0.0, 0.0, 0.0, 0.0, 1.0, 0.0, 0.0, 0.0, 0.0, -1.0, 0.0, 0.0, 0.0, 0.0, 1.0],
    "bsdf": "plastic",
    "roughness": "0",
    "intIOR": "1.5",
    "extIOR": "1",
    "reflectance": "1_0.378676_0.0134734_1.0.png"
}, {
    "filename": "Mesh005.gem",
    "world": [1.0, 0.0, 0.0, 0.0, 0.0, 1.0, 0.0, 0.0, 0.0, 0.0, -1.0, 0.0, 0.0, 0.0, 0.0, 1.0],
    "bsdf": "plastic",
    "roughness": "0.003803723578239983",
    "intIOR": "1.5",
    "extIOR": "1",
    "reflectance": "0.00631_0.00631_0.00631_1.0.png"
}, {
    "filename": "Mesh003.gem",
    "world": [1.0, 0.0, 0.0, 0.0, 0.0, 1.0, 0.0, 0.0, 0.0, 0.0, -1.0, 0.0, 0.0, 0.0, 0.0, 1.0],
    "bsdf": "plastic",
    "roughness": "0.003803723578239983",
    "intIOR": "1.5",
    "extIOR": "1",
    "reflectance": "0.00631_0.00631_0.00631_1.0.png"
}, {
    "filename": "Mesh002.gem",
    "world": [1.0, 0.0, 0.0, 0.0, 0.0, 1.0, 0.0, 0.0, 0.0, 0.0, -1.0, 0.0, 0.0, 0.0, 0.0, 1.0],
    "bsdf": "mirror",
    "reflectance": "1_1_1.png"
}, {
    "filename": "Mesh001.gem",
    "world": [1.0, 0.0, 0.0, 0.0, 0.0, 1.0, 0.0, 0.0, 0.0, 0.0, -1.0, 0.0, 0.0, 0.0, 0.0, 1.0],
    "bsdf": "plastic",
    "roughness": "0",
    "intIOR": "1.5",
    "extIOR": "1",
    "reflectance": "1_0.378676_0.0134734_1.0.png"
}, {
    "filename": "Mesh011.gem",
    "world": [1.0, 0.0, 0.0, 0.0, 0.0, 1.0, 0.0, 0.0, 0.0, 0.0, -1.0, 0.0, 0.0, 0.0, 0.0, 1.0],
    "bsdf": "plastic",
    "roughness": "0.003803723578239983",
    "intIOR": "1.5",
    "extIOR": "1",
    "reflectance": "0.00631_0.00631_0.00631_1.0.png"
}, {
    "filename": "Mesh000.gem",
    "world": [1.0, 0.0, 0.0, 0.0, 0.0, 1.0, 0.0, 0.0, 0.0, 0.0, -1.0, 0.0, 0.0, 0.0, 0.0, 1.0],
    "bsdf": "plastic",
    "roughness": "0",
    "intIOR": "1.5",
    "extIOR": "1",
    "reflectance": "1_0.378676_0.0134734_1.0.png"
}, {
    "filename": "Mesh014.gem",
    "world": [1.0, 0.0, 0.0, 0.0, 0.0, 1.0, 0.0, 0.0, 0.0, 0.0, -1.0, 0.0, 0.0, 0.0, 0.0, 1.0],
    "bsdf": "plastic",
    "roughness": "0.003803723578239983",
    "intIOR": "1.5",
    "extIOR": "1",
    "reflectance": "0.00631_0.00631_0.00631_1.0.png"
}, {
    "filename": "Mesh004.gem",
    "world": [1.0, 0.0, 0.0, 0.0, 0.0, 1.0, 0.0, 0.0, 0.0, 0.0, -1.0, 0.0, 0.0, 0.0, 0.0, 1.0],
    "bsdf": "plastic",
    "roughness": "0",
    "intIOR": "1.5",
    "extIOR": "1",
    "reflectance": "0.578596_0.578596_0.578596_1.0.png"
}, {
    "filename": "Rectangle.gem",
    "world": [0.0813859, -3.42425e-09, 0.0783378, -0.277923, 1.31768e-08, -0.224422, -1.25677e-08, 0.225271, 0.174532, 1.85401e-08, -0.0365296, 0.163724, 0.0, 0.0, 0.0, 1.0],
    "bsdf": "diffuse",
    "reflectance": "0 0 0_1.0.png",
    "emission": "2 2 2"
}, {
    "filename": "Rectangle.gem",
    "world": [-9.80906e-09, 0.00227401, -0.0820026, 0.322947, 0.224423, 1.56693e-16, -3.58473e-09, 0.25176, -1.22092e-10, -0.182697, -0.00102068, 0.046278, 0.0, 0.0, 0.0, 1.0],
    "bsdf": "diffuse",
    "reflectance": "0 0 0_1.0.png",
    "emission": "2 2 2"
}, {
    "filename": "Rectangle.gem",
    "world": [-0.230128, -6.99084e-16, 1.59932e-08, 0.0, -3.47484e-08, 4.62982e-09, -0.105918, 0.50385, 0.0, -0.230128, -1.00592e-08, 0.0372435, 0.0, 0.0, 0.0, 1.0],
    "bsdf": "diffuse",
    "reflectance": "0 0 0_1.0.png",
    "emission": "2 2 2"
}]
}