{
    "width": "1280",
    "height": "720",
    "fov": "35.0",
    "from": "3.04068 3.17153 3.20454",
    "to": "2.457235 2.632765 2.59682",
    "up": "-0.373123 0.842456 -0.388647",
    "envmap": "envmap.hdr",
    "instances": [{
    "filename": "Rectangle.gem",
    "world": [-1.88298, 1.9602, 2.50299e-07, -0.708772, -2.37623e-07, 1.18811e-07, -2.71809, 0.0, -1.9602, -1.88298, 8.90586e-08, -0.732108, 0.0, 0.0, 0.0, 1.0],
    "bsdf": "diffuse",
    "reflectance": "1_1_1.png"
}, {
    "filename": "Mesh001.gem",
    "world": [0.482906, 0.0, 0.0, -0.0571719, 0.0, 0.482906, 0.0, 0.213656, 0.0, 0.0, -0.482906, 0.0682078, 0.0, 0.0, 0.0, 1.0],
    "bsdf": "plastic",
    "roughness": "0",
    "intIOR": "1.5",
    "extIOR": "1",
    "reflectance": "1_1_1_1.0.png"
}, {
    "filename": "Mesh002.gem",
    "world": [0.482906, 0.0, 0.0, -0.156382, 0.0, 0.482906, 0.0, 0.777229, 0.0, 0.0, -0.482906, 0.161698, 0.0, 0.0, 0.0, 1.0],
    "bsdf": "plastic",
    "roughness": "0",
    "intIOR": "1.5",
    "extIOR": "1",
    "reflectance": "1_1_1_1.0.png"
}]
}