{
    "width": "1280",
    "height": "720",
    "fov": "70.0",
    "from": "1.902749 1.282405 5.458654",
    "to": "1.4685730000000001 1.2457745 4.558571000000001",
    "up": "-0.0159147 0.999329 -0.0329926",
    "instances": [{
    "filename": "Mesh138.gem",
    "world": [1.0, 0.0, 0.0, -0.1, 0.0, 1.0, 0.0, 0.0, 0.0, 0.0, -1.0, 0.0, 0.0, 0.0, 0.0, 1.0],
    "bsdf": "plastic",
    "roughness": "0",
    "intIOR": "1.5",
    "extIOR": "1",
    "reflectance": "0.578596_0.578596_0.578596_1.0.png"
}, {
    "filename": "Rectangle.gem",
    "world": [1.82938, 0.0, 0.0, -0.142806, 0.0, 1.69577, -6.85958e-08, 1.52932, 0.0, -6.85958e-08, 3.26505, 8.18283, 0.0, 0.0, 0.0, 1.0],
    "bsdf": "diffuse",
    "reflectance": "0.6_0.6_0.6_1.0.png"
}, {
    "filename": "Mesh113.gem",
    "world": [1.0, 0.0, 0.0, 0.0, 0.0, 1.0, 0.0, 0.0, 0.0, 0.0, -1.0, 0.0, 0.0, 0.0, 0.0, 1.0],
    "bsdf": "glass",
    "reflectance": "1_1_1.png"
}, {
    "filename": "Mesh087.gem",
    "world": [1.0, 0.0, 0.0, 0.0, 0.0, 1.0, 0.0, 0.0, 0.0, 0.0, -1.0, 0.0, 0.0, 0.0, 0.0, 1.0],
    "bsdf": "glass",
    "reflectance": "1_1_1.png"
}, {
    "filename": "Mesh110.gem",
    "world": [1.0, 0.0, 0.0, 0.0, 0.0, 1.0, 0.0, 0.0, 0.0, 0.0, -1.0, 0.0, 0.0, 0.0, 0.0, 1.0],
    "bsdf": "glass",
    "reflectance": "1_1_1.png"
}, {
    "filename": "Mesh128.gem",
    "world": [1.0, 0.0, 0.0, 0.0, 0.0, 1.0, 0.0, 0.0, 0.0, 0.0, -1.0, 0.0, 0.0, 0.0, 0.0, 1.0],
    "bsdf": "diffuse",
    "reflectance": "0.217638_0.217638_0.217638_1.0.png"
}, {
    "filename": "Mesh095.gem",
    "world": [1.0, 0.0, 0.0, -0.1, 0.0, 1.0, 0.0, 0.0, 0.0, 0.0, -1.0, 0.0, 0.0, 0.0, 0.0, 1.0],
    "bsdf": "diffuse",
    "reflectance": "0.684615_0.684615_0.684615_1.0.png"
}, {
    "filename": "Mesh076.gem",
    "world": [1.0, 0.0, 0.0, 0.0, 0.0, 1.0, 0.0, 0.0, 0.0, 0.0, -1.0, 0.0, 0.0, 0.0, 0.0, 1.0],
    "bsdf": "diffuse",
    "reflectance": "apple.jpg"
}, {
    "filename": "Mesh108.gem",
    "world": [1.0, 0.0, 0.0, 0.0, 0.0, 1.0, 0.0, 0.0, 0.0, 0.0, -1.0, 0.0, 0.0, 0.0, 0.0, 1.0],
    "bsdf": "diffuse",
    "reflectance": "apple.jpg"
}, {
    "filename": "Mesh080.gem",
    "world": [1.0, 0.0, 0.0, 0.0, 0.0, 1.0, 0.0, 0.0, 0.0, 0.0, -1.0, 0.0, 0.0, 0.0, 0.0, 1.0],
    "bsdf": "diffuse",
    "reflectance": "apple.jpg"
}, {
    "filename": "Mesh166.gem",
    "world": [1.0, 0.0, 0.0, 0.0, 0.0, 1.0, 0.0, 0.0, 0.0, 0.0, -1.0, 0.0, 0.0, 0.0, 0.0, 1.0],
    "bsdf": "diffuse",
    "reflectance": "apple.jpg"
}, {
    "filename": "Mesh088.gem",
    "world": [1.0, 0.0, 0.0, 0.0, 0.0, 1.0, 0.0, 0.0, 0.0, 0.0, -1.0, 0.0, 0.0, 0.0, 0.0, 1.0],
    "bsdf": "plastic",
    "roughness": "0",
    "intIOR": "1.5",
    "extIOR": "1",
    "reflectance": "1_1_1_1.0.png"
}, {
    "filename": "Mesh059.gem",
    "world": [1.0, 0.0, 0.0, 0.0, 0.0, 1.0, 0.0, 0.0, 0.0, 0.0, -1.0, 0.0, 0.0, 0.0, 0.0, 1.0],
    "bsdf": "diffuse",
    "reflectance": "0.0784314_0.0392157_0.0392157_1.0.png"
}, {
    "filename": "Mesh073.gem",
    "world": [1.0, 0.0, 0.0, 0.0, 0.0, 1.0, 0.0, 0.0, 0.0, 0.0, -1.0, 0.0, 0.0, 0.0, 0.0, 1.0],
    "bsdf": "diffuse",
    "reflectance": "0.0784314_0.0392157_0.0392157_1.0.png"
}, {
    "filename": "Mesh099.gem",
    "world": [1.0, 0.0, 0.0, 0.0, 0.0, 1.0, 0.0, 0.0, 0.0, 0.0, -1.0, 0.0, 0.0, 0.0, 0.0, 1.0],
    "bsdf": "diffuse",
    "reflectance": "0.0784314_0.0392157_0.0392157_1.0.png"
}, {
    "filename": "Mesh103.gem",
    "world": [1.0, 0.0, 0.0, 0.0, 0.0, 1.0, 0.0, 0.0, 0.0, 0.0, -1.0, 0.0, 0.0, 0.0, 0.0, 1.0],
    "bsdf": "diffuse",
    "reflectance": "0.0784314_0.0392157_0.0392157_1.0.png"
}, {
    "filename": "Mesh155.gem",
    "world": [1.0, 0.0, 0.0, 0.0, 0.0, 1.0, 0.0, 0.0, 0.0, 0.0, -1.0, 0.0, 0.0, 0.0, 0.0, 1.0],
    "bsdf": "diffuse",
    "reflectance": "0.0784314_0.0392157_0.0392157_1.0.png"
}, {
    "filename": "Mesh065.gem",
    "world": [1.0, 0.0, 0.0, 0.0, 0.0, 1.0, 0.0, 0.0, 0.0, 0.0, -1.0, 0.0, 0.0, 0.0, 0.0, 1.0],
    "bsdf": "diffuse",
    "reflectance": "0.0784314_0.0392157_0.0392157_1.0.png"
}, {
    "filename": "Mesh069.gem",
    "world": [1.0, 0.0, 0.0, 0.0, 0.0, 1.0, 0.0, 0.0, 0.0, 0.0, -1.0, 0.0, 0.0, 0.0, 0.0, 1.0],
    "bsdf": "diffuse",
    "reflectance": "0.578596_0.578596_0.578596_1.0.png"
}, {
    "filename": "Mesh090.gem",
    "world": [1.0, 0.0, 0.0, 0.0, 0.0, 1.0, 0.0, 0.0, 0.0, 0.0, -1.0, 0.0, 0.0, 0.0, 0.0, 1.0],
    "bsdf": "diffuse",
    "reflectance": "0.578596_0.578596_0.578596_1.0.png"
}, {
    "filename": "Mesh063.gem",
    "world": [1.0, 0.0, 0.0, 0.0, 0.0, 1.0, 0.0, 0.0, 0.0, 0.0, -1.0, 0.0, 0.0, 0.0, 0.0, 1.0],
    "bsdf": "diffuse",
    "reflectance": "0.578596_0.578596_0.578596_1.0.png"
}, {
    "filename": "Mesh062.gem",
    "world": [1.0, 0.0, 0.0, 0.0, 0.0, 1.0, 0.0, 0.0, 0.0, 0.0, -1.0, 0.0, 0.0, 0.0, 0.0, 1.0],
    "bsdf": "diffuse",
    "reflectance": "0.578596_0.578596_0.578596_1.0.png"
}, {
    "filename": "Mesh068.gem",
    "world": [1.0, 0.0, 0.0, 0.0, 0.0, 1.0, 0.0, 0.0, 0.0, 0.0, -1.0, 0.0, 0.0, 0.0, 0.0, 1.0],
    "bsdf": "diffuse",
    "reflectance": "Frame.jpg"
}, {
    "filename": "Mesh131.gem",
    "world": [1.0, 0.0, 0.0, 0.0, 0.0, 1.0, 0.0, 0.0, 0.0, 0.0, -1.0, 0.0, 0.0, 0.0, 0.0, 1.0],
    "bsdf": "diffuse",
    "reflectance": "0.01_0.01_0.01_1.0.png"
}, {
    "filename": "Mesh098.gem",
    "world": [1.0, 0.0, 0.0, 0.0, 0.0, 1.0, 0.0, 0.0, 0.0, 0.0, -1.0, 0.0, 0.0, 0.0, 0.0, 1.0],
    "bsdf": "diffuse",
    "reflectance": "0.01_0.01_0.01_1.0.png"
}, {
    "filename": "Mesh056.gem",
    "world": [1.0, 0.0, 0.0, 0.0, 0.0, 1.0, 0.0, 0.0, 0.0, 0.0, -1.0, 0.0, 0.0, 0.0, 0.0, 1.0],
    "bsdf": "diffuse",
    "reflectance": "Frame.jpg"
}, {
    "filename": "Mesh077.gem",
    "world": [1.0, 0.0, 0.0, 0.0, 0.0, 1.0, 0.0, 0.0, 0.0, 0.0, -1.0, 0.0, 0.0, 0.0, 0.0, 1.0],
    "bsdf": "diffuse",
    "reflectance": "Frame.jpg"
}, {
    "filename": "Mesh055.gem",
    "world": [1.0, 0.0, 0.0, 0.0, 0.0, 1.0, 0.0, 0.0, 0.0, 0.0, -1.0, 0.0, 0.0, 0.0, 0.0, 1.0],
    "bsdf": "diffuse",
    "reflectance": "0.01_0.01_0.01_1.0.png"
}, {
    "filename": "Mesh118.gem",
    "world": [1.0, 0.0, 0.0, 0.0, 0.0, 1.0, 0.0, 0.0, 0.0, 0.0, -1.0, 0.0, 0.0, 0.0, 0.0, 1.0],
    "bsdf": "diffuse",
    "reflectance": "cushion-stripe-purple.jpg"
}, {
    "filename": "Mesh064.gem",
    "world": [1.0, 0.0, 0.0, 0.0, 0.0, 1.0, 0.0, 0.0, 0.0, 0.0, -1.0, 0.0, 0.0, 0.0, 0.0, 1.0],
    "bsdf": "diffuse",
    "reflectance": "0.578596_0.578596_0.578596_1.0.png"
}, {
    "filename": "Mesh052.gem",
    "world": [1.0, 0.0, 0.0, 0.0, 0.0, 1.0, 0.0, 0.0, 0.0, 0.0, -1.0, 0.0, 0.0, 0.0, 0.0, 1.0],
    "bsdf": "diffuse",
    "reflectance": "0.578596_0.578596_0.578596_1.0.png"
}, {
    "filename": "Mesh112.gem",
    "world": [1.0, 0.0, 0.0, 0.0, 0.0, 1.0, 0.0, 0.0, 0.0, 0.0, -1.0, 0.0, 0.0, 0.0, 0.0, 1.0],
    "bsdf": "diffuse",
    "reflectance": "0.578596_0.578596_0.578596_1.0.png"
}, {
    "filename": "Mesh066.gem",
    "world": [1.0, 0.0, 0.0, 0.0, 0.0, 1.0, 0.0, 0.0, 0.0, 0.0, -1.0, 0.0, 0.0, 0.0, 0.0, 1.0],
    "bsdf": "diffuse",
    "reflectance": "0.578596_0.578596_0.578596_1.0.png"
}, {
    "filename": "Mesh122.gem",
    "world": [1.0, 0.0, 0.0, 0.0, 0.0, 1.0, 0.0, 0.0, 0.0, 0.0, -1.0, 0.0, 0.0, 0.0, 0.0, 1.0],
    "bsdf": "diffuse",
    "reflectance": "Shade-paper.png"
}, {
    "filename": "Mesh127.gem",
    "world": [1.0, 0.0, 0.0, 0.0, 0.0, 1.0, 0.0, 0.0, 0.0, 0.0, -1.0, 0.0, 0.0, 0.0, 0.0, 1.0],
    "bsdf": "diffuse",
    "reflectance": "0.01_0.01_0.01_1.0.png"
}, {
    "filename": "Mesh129.gem",
    "world": [1.0, 0.0, 0.0, 0.0, 0.0, 1.0, 0.0, 0.0, 0.0, 0.0, -1.0, 0.0, 0.0, 0.0, 0.0, 1.0],
    "bsdf": "diffuse",
    "reflectance": "Frame.jpg"
}, {
    "filename": "Mesh132.gem",
    "world": [1.0, 0.0, 0.0, 0.0, 0.0, 1.0, 0.0, 0.0, 0.0, 0.0, -1.0, 0.0, 0.0, 0.0, 0.0, 1.0],
    "bsdf": "diffuse",
    "reflectance": "book-spines.jpg"
}, {
    "filename": "Mesh140.gem",
    "world": [1.0, 0.0, 0.0, 0.0, 0.0, 1.0, 0.0, 0.0, 0.0, 0.0, -1.0, 0.0, 0.0, 0.0, 0.0, 1.0],
    "bsdf": "diffuse",
    "reflectance": "book-spines.jpg"
}, {
    "filename": "Mesh156.gem",
    "world": [1.0, 0.0, 0.0, 0.0, 0.0, 1.0, 0.0, 0.0, 0.0, 0.0, -1.0, 0.0, 0.0, 0.0, 0.0, 1.0],
    "bsdf": "diffuse",
    "reflectance": "book-spines.jpg"
}, {
    "filename": "Mesh135.gem",
    "world": [1.0, 0.0, 0.0, 0.0, 0.0, 1.0, 0.0, 0.0, 0.0, 0.0, -1.0, 0.0, 0.0, 0.0, 0.0, 1.0],
    "bsdf": "diffuse",
    "reflectance": "book-spines.jpg"
}, {
    "filename": "Mesh175.gem",
    "world": [1.0, 0.0, 0.0, 0.0, 0.0, 1.0, 0.0, 0.0, 0.0, 0.0, -1.0, 0.0, 0.0, 0.0, 0.0, 1.0],
    "bsdf": "diffuse",
    "reflectance": "book-spines.jpg"
}, {
    "filename": "Mesh136.gem",
    "world": [1.0, 0.0, 0.0, 0.0, 0.0, 1.0, 0.0, 0.0, 0.0, 0.0, -1.0, 0.0, 0.0, 0.0, 0.0, 1.0],
    "bsdf": "diffuse",
    "reflectance": "book-spines.jpg"
}, {
    "filename": "Mesh078.gem",
    "world": [1.0, 0.0, 0.0, 0.0, 0.0, 1.0, 0.0, 0.0, 0.0, 0.0, -1.0, 0.0, 0.0, 0.0, 0.0, 1.0],
    "bsdf": "diffuse",
    "reflectance": "book-spines.jpg"
}, {
    "filename": "Mesh141.gem",
    "world": [1.0, 0.0, 0.0, 0.0, 0.0, 1.0, 0.0, 0.0, 0.0, 0.0, -1.0, 0.0, 0.0, 0.0, 0.0, 1.0],
    "bsdf": "diffuse",
    "reflectance": "book-spines.jpg"
}, {
    "filename": "Mesh147.gem",
    "world": [1.0, 0.0, 0.0, 0.0, 0.0, 1.0, 0.0, 0.0, 0.0, 0.0, -1.0, 0.0, 0.0, 0.0, 0.0, 1.0],
    "bsdf": "diffuse",
    "reflectance": "book-spines.jpg"
}, {
    "filename": "Mesh071.gem",
    "world": [1.0, 0.0, 0.0, 0.0, 0.0, 1.0, 0.0, 0.0, 0.0, 0.0, -1.0, 0.0, 0.0, 0.0, 0.0, 1.0],
    "bsdf": "diffuse",
    "reflectance": "book-spines.jpg"
}, {
    "filename": "Mesh148.gem",
    "world": [1.0, 0.0, 0.0, 0.0, 0.0, 1.0, 0.0, 0.0, 0.0, 0.0, -1.0, 0.0, 0.0, 0.0, 0.0, 1.0],
    "bsdf": "diffuse",
    "reflectance": "book-spines.jpg"
}, {
    "filename": "Mesh149.gem",
    "world": [1.0, 0.0, 0.0, 0.0, 0.0, 1.0, 0.0, 0.0, 0.0, 0.0, -1.0, 0.0, 0.0, 0.0, 0.0, 1.0],
    "bsdf": "diffuse",
    "reflectance": "book-spines.jpg"
}, {
    "filename": "Mesh150.gem",
    "world": [1.0, 0.0, 0.0, 0.0, 0.0, 1.0, 0.0, 0.0, 0.0, 0.0, -1.0, 0.0, 0.0, 0.0, 0.0, 1.0],
    "bsdf": "diffuse",
    "reflectance": "book-spines.jpg"
}, {
    "filename": "Mesh153.gem",
    "world": [1.0, 0.0, 0.0, 0.0, 0.0, 1.0, 0.0, 0.0, 0.0, 0.0, -1.0, 0.0, 0.0, 0.0, 0.0, 1.0],
    "bsdf": "diffuse",
    "reflectance": "book-spines.jpg"
}, {
    "filename": "Mesh109.gem",
    "world": [1.0, 0.0, 0.0, 0.0, 0.0, 1.0, 0.0, 0.0, 0.0, 0.0, -1.0, 0.0, 0.0, 0.0, 0.0, 1.0],
    "bsdf": "diffuse",
    "reflectance": "book-spines.jpg"
}, {
    "filename": "Mesh083.gem",
    "world": [1.0, 0.0, 0.0, 0.0, 0.0, 1.0, 0.0, 0.0, 0.0, 0.0, -1.0, 0.0, 0.0, 0.0, 0.0, 1.0],
    "bsdf": "diffuse",
    "reflectance": "book-spines.jpg"
}, {
    "filename": "Mesh157.gem",
    "world": [1.0, 0.0, 0.0, 0.0, 0.0, 1.0, 0.0, 0.0, 0.0, 0.0, -1.0, 0.0, 0.0, 0.0, 0.0, 1.0],
    "bsdf": "diffuse",
    "reflectance": "book-spines.jpg"
}, {
    "filename": "Mesh159.gem",
    "world": [1.0, 0.0, 0.0, 0.0, 0.0, 1.0, 0.0, 0.0, 0.0, 0.0, -1.0, 0.0, 0.0, 0.0, 0.0, 1.0],
    "bsdf": "diffuse",
    "reflectance": "book-spines.jpg"
}, {
    "filename": "Mesh161.gem",
    "world": [1.0, 0.0, 0.0, 0.0, 0.0, 1.0, 0.0, 0.0, 0.0, 0.0, -1.0, 0.0, 0.0, 0.0, 0.0, 1.0],
    "bsdf": "plastic",
    "roughness": "0.008558378051039959",
    "intIOR": "1.5",
    "extIOR": "1",
    "reflectance": "1_1_1_1.0.png"
}, {
    "filename": "Mesh143.gem",
    "world": [1.0, 0.0, 0.0, 0.0, 0.0, 1.0, 0.0, 0.0, 0.0, 0.0, -1.0, 0.0, 0.0, 0.0, 0.0, 1.0],
    "bsdf": "plastic",
    "roughness": "0.008558378051039959",
    "intIOR": "1.5",
    "extIOR": "1",
    "reflectance": "1_1_1_1.0.png"
}, {
    "filename": "Mesh176.gem",
    "world": [1.0, 0.0, 0.0, 0.0, 0.0, 1.0, 0.0, 0.0, 0.0, 0.0, -1.0, 0.0, 0.0, 0.0, 0.0, 1.0],
    "bsdf": "plastic",
    "roughness": "0.008558378051039959",
    "intIOR": "1.5",
    "extIOR": "1",
    "reflectance": "1_1_1_1.0.png"
}, {
    "filename": "Mesh107.gem",
    "world": [1.0, 0.0, 0.0, 0.0, 0.0, 1.0, 0.0, 0.0, 0.0, 0.0, -1.0, 0.0, 0.0, 0.0, 0.0, 1.0],
    "bsdf": "conductor",
    "roughness": "0.003803723578239983",
    "extEta": "1",
    "reflectance": "1_1_1_1.0.png",
    "eta": "1.65746 0.880369 0.521229",
    "k": "9.22387 6.26952 4.837"
}, {
    "filename": "Mesh139.gem",
    "world": [1.0, 0.0, 0.0, 0.0, 0.0, 1.0, 0.0, 0.0, 0.0, 0.0, -1.0, 0.0, 0.0, 0.0, 0.0, 1.0],
    "bsdf": "plastic",
    "roughness": "0.008558378051039959",
    "intIOR": "1.5",
    "extIOR": "1",
    "reflectance": "1_1_1_1.0.png"
}, {
    "filename": "Mesh162.gem",
    "world": [1.0, 0.0, 0.0, 0.0, 0.0, 1.0, 0.0, 0.0, 0.0, 0.0, -1.0, 0.0, 0.0, 0.0, 0.0, 1.0],
    "bsdf": "plastic",
    "roughness": "0.008558378051039959",
    "intIOR": "1.5",
    "extIOR": "1",
    "reflectance": "1_1_1_1.0.png"
}, {
    "filename": "Mesh126.gem",
    "world": [1.0, 0.0, 0.0, 0.0, 0.0, 1.0, 0.0, 0.0, 0.0, 0.0, -1.0, 0.0, 0.0, 0.0, 0.0, 1.0],
    "bsdf": "glass",
    "reflectance": "1_1_1.png"
}, {
    "filename": "Mesh152.gem",
    "world": [1.0, 0.0, 0.0, 0.0, 0.0, 1.0, 0.0, 0.0, 0.0, 0.0, -1.0, 0.0, 0.0, 0.0, 0.0, 1.0],
    "bsdf": "dielectric",
    "reflectance": "1_1_1.png",
    "roughness": "0.0009509308945599957",
    "intIOR": "1.5",
    "extIOR": "1"
}, {
    "filename": "Mesh104.gem",
    "world": [1.0, 0.0, 0.0, 0.0, 0.0, 1.0, 0.0, 0.0, 0.0, 0.0, -1.0, 0.0, 0.0, 0.0, 0.0, 1.0],
    "bsdf": "diffuse",
    "reflectance": "cushion-purple-yellow-stripe.jpg"
}, {
    "filename": "Mesh167.gem",
    "world": [1.0, 0.0, 0.0, 0.0, 0.0, 1.0, 0.0, 0.0, 0.0, 0.0, -1.0, 0.0, 0.0, 0.0, 0.0, 1.0],
    "bsdf": "plastic",
    "roughness": "0.003803723578239983",
    "intIOR": "1.5",
    "extIOR": "1",
    "reflectance": "0.79311_0.79311_0.79311_1.0.png"
}, {
    "filename": "Mesh091.gem",
    "world": [1.0, 0.0, 0.0, 0.0, 0.0, 1.0, 0.0, 0.0, 0.0, 0.0, -1.0, 0.0, 0.0, 0.0, 0.0, 1.0],
    "bsdf": "plastic",
    "roughness": "0.003803723578239983",
    "intIOR": "1.5",
    "extIOR": "1",
    "reflectance": "0.79311_0.79311_0.79311_1.0.png"
}, {
    "filename": "Mesh145.gem",
    "world": [1.0, 0.0, 0.0, 0.0, 0.0, 1.0, 0.0, 0.0, 0.0, 0.0, -1.0, 0.0, 0.0, 0.0, 0.0, 1.0],
    "bsdf": "plastic",
    "roughness": "0.003803723578239983",
    "intIOR": "1.5",
    "extIOR": "1",
    "reflectance": "0.79311_0.79311_0.79311_1.0.png"
}, {
    "filename": "Mesh160.gem",
    "world": [1.0, 0.0, 0.0, 0.0, 0.0, 1.0, 0.0, 0.0, 0.0, 0.0, -1.0, 0.0, 0.0, 0.0, 0.0, 1.0],
    "bsdf": "diffuse",
    "reflectance": "cushion-green-circles.jpg"
}, {
    "filename": "Mesh171.gem",
    "world": [1.0, 0.0, 0.0, -0.1, 0.0, 1.0, 0.0, 0.0, 0.0, 0.0, -1.0, 0.0, 0.0, 0.0, 0.0, 1.0],
    "bsdf": "diffuse",
    "reflectance": "shade-stripes.jpg"
}, {
    "filename": "Mesh092.gem",
    "world": [1.0, 0.0, 0.0, 0.0, 0.0, 1.0, 0.0, 0.0, 0.0, 0.0, -1.0, 0.0, 0.0, 0.0, 0.0, 1.0],
    "bsdf": "plastic",
    "roughness": "0.008558378051039959",
    "intIOR": "1.5",
    "extIOR": "1",
    "reflectance": "1_1_1_1.0.png"
}, {
    "filename": "Mesh067.gem",
    "world": [1.0, 0.0, 0.0, 0.0, 0.0, 1.0, 0.0, 0.0, 0.0, 0.0, -1.0, 0.0, 0.0, 0.0, 0.0, 1.0],
    "bsdf": "plastic",
    "roughness": "0.008558378051039959",
    "intIOR": "1.5",
    "extIOR": "1",
    "reflectance": "1_1_1_1.0.png"
}, {
    "filename": "Mesh172.gem",
    "world": [1.0, 0.0, 0.0, 0.0, 0.0, 1.0, 0.0, 0.0, 0.0, 0.0, -1.0, 0.0, 0.0, 0.0, 0.0, 1.0],
    "bsdf": "plastic",
    "roughness": "0.008558378051039959",
    "intIOR": "1.5",
    "extIOR": "1",
    "reflectance": "1_1_1_1.0.png"
}, {
    "filename": "Mesh173.gem",
    "world": [1.0, 0.0, 0.0, 0.0, 0.0, 1.0, 0.0, 0.0, 0.0, 0.0, -1.0, 0.0, 0.0, 0.0, 0.0, 1.0],
    "bsdf": "conductor",
    "roughness": "0.003803723578239983",
    "extEta": "1",
    "reflectance": "1_1_1_1.0.png",
    "eta": "1.65746 0.880369 0.521229",
    "k": "9.22387 6.26952 4.837"
}, {
    "filename": "Mesh177.gem",
    "world": [1.0, 0.0, 0.0, 0.0, 0.0, 1.0, 0.0, 0.0, 0.0, 0.0, -1.0, 0.0, 0.0, 0.0, 0.0, 1.0],
    "bsdf": "plastic",
    "roughness": "0",
    "intIOR": "1.5",
    "extIOR": "1",
    "reflectance": "1_1_1_1.0.png"
}, {
    "filename": "Mesh054.gem",
    "world": [1.0, 0.0, 0.0, 0.0, 0.0, 1.0, 0.0, 0.0, 0.0, 0.0, -1.0, 0.0, 0.0, 0.0, 0.0, 1.0],
    "bsdf": "plastic",
    "roughness": "0",
    "intIOR": "1.5",
    "extIOR": "1",
    "reflectance": "1_1_1_1.0.png"
}, {
    "filename": "Mesh165.gem",
    "world": [1.0, 0.0, 0.0, 0.0, 0.0, 1.0, 0.0, 0.0, 0.0, 0.0, -1.0, 0.0, 0.0, 0.0, 0.0, 1.0],
    "bsdf": "diffuse",
    "reflectance": "0.578596_0.578596_0.578596_1.0.png"
}, {
    "filename": "Mesh100.gem",
    "world": [1.0, 0.0, 0.0, 0.0, 0.0, 1.0, 0.0, 0.0, 0.0, 0.0, -1.0, 0.0, 0.0, 0.0, 0.0, 1.0],
    "bsdf": "diffuse",
    "reflectance": "0.578596_0.578596_0.578596_1.0.png"
}, {
    "filename": "Mesh096.gem",
    "world": [1.0, 0.0, 0.0, 0.0, 0.0, 1.0, 0.0, 0.0, 0.0, 0.0, -1.0, 0.0, 0.0, 0.0, 0.0, 1.0],
    "bsdf": "diffuse",
    "reflectance": "0.578596_0.578596_0.578596_1.0.png"
}, {
    "filename": "Mesh169.gem",
    "world": [1.0, 0.0, 0.0, 0.0, 0.0, 1.0, 0.0, 0.0, 0.0, 0.0, -1.0, 0.0, 0.0, 0.0, 0.0, 1.0],
    "bsdf": "diffuse",
    "reflectance": "picure4-grey.jpg"
}, {
    "filename": "Mesh085.gem",
    "world": [1.0, 0.0, 0.0, 0.0, 0.0, 1.0, 0.0, 0.0, 0.0, 0.0, -1.0, 0.0, 0.0, 0.0, 0.0, 1.0],
    "bsdf": "diffuse",
    "reflectance": "0.578596_0.578596_0.578596_1.0.png"
}, {
    "filename": "Mesh116.gem",
    "world": [1.0, 0.0, 0.0, 0.0, 0.0, 1.0, 0.0, 0.0, 0.0, 0.0, -1.0, 0.0, 0.0, 0.0, 0.0, 1.0],
    "bsdf": "diffuse",
    "reflectance": "0.578596_0.578596_0.578596_1.0.png"
}, {
    "filename": "Mesh105.gem",
    "world": [1.0, 0.0, 0.0, 0.0, 0.0, 1.0, 0.0, 0.0, 0.0, 0.0, -1.0, 0.0, 0.0, 0.0, 0.0, 1.0],
    "bsdf": "diffuse",
    "reflectance": "picture11-vert.jpg"
}, {
    "filename": "Mesh170.gem",
    "world": [1.0, 0.0, 0.0, 0.0, 0.0, 1.0, 0.0, 0.0, 0.0, 0.0, -1.0, 0.0, 0.0, 0.0, 0.0, 1.0],
    "bsdf": "diffuse",
    "reflectance": "0.578596_0.578596_0.578596_1.0.png"
}, {
    "filename": "Mesh179.gem",
    "world": [1.0, 0.0, 0.0, 0.0, 0.0, 1.0, 0.0, 0.0, 0.0, 0.0, -1.0, 0.0, 0.0, 0.0, 0.0, 1.0],
    "bsdf": "diffuse",
    "reflectance": "0.578596_0.578596_0.578596_1.0.png"
}, {
    "filename": "Mesh125.gem",
    "world": [1.0, 0.0, 0.0, 0.0, 0.0, 1.0, 0.0, 0.0, 0.0, 0.0, -1.0, 0.0, 0.0, 0.0, 0.0, 1.0],
    "bsdf": "diffuse",
    "reflectance": "0.578596_0.578596_0.578596_1.0.png"
}, {
    "filename": "Mesh144.gem",
    "world": [1.0, 0.0, 0.0, 0.0, 0.0, 1.0, 0.0, 0.0, 0.0, 0.0, -1.0, 0.0, 0.0, 0.0, 0.0, 1.0],
    "bsdf": "diffuse",
    "reflectance": "0.578596_0.578596_0.578596_1.0.png"
}, {
    "filename": "Mesh072.gem",
    "world": [1.0, 0.0, 0.0, 0.0, 0.0, 1.0, 0.0, 0.0, 0.0, 0.0, -1.0, 0.0, 0.0, 0.0, 0.0, 1.0],
    "bsdf": "diffuse",
    "reflectance": "0.578596_0.578596_0.578596_1.0.png"
}, {
    "filename": "Mesh124.gem",
    "world": [1.0, 0.0, 0.0, 0.0, 0.0, 1.0, 0.0, 0.0, 0.0, 0.0, -1.0, 0.0, 0.0, 0.0, 0.0, 1.0],
    "bsdf": "diffuse",
    "reflectance": "0.578596_0.578596_0.578596_1.0.png"
}, {
    "filename": "Mesh050.gem",
    "world": [1.0, 0.0, 0.0, 0.0, 0.0, 1.0, 0.0, 0.0, 0.0, 0.0, -1.0, 0.0, 0.0, 0.0, 0.0, 1.0],
    "bsdf": "diffuse",
    "reflectance": "0.578596_0.578596_0.578596_1.0.png"
}, {
    "filename": "Mesh117.gem",
    "world": [1.0, 0.0, 0.0, 0.0, 0.0, 1.0, 0.0, 0.0, 0.0, 0.0, -1.0, 0.0, 0.0, 0.0, 0.0, 1.0],
    "bsdf": "diffuse",
    "reflectance": "1_1_1_0.978132.png"
}, {
    "filename": "Mesh047.gem",
    "world": [1.0, 0.0, 0.0, 0.0, 0.0, 1.0, 0.0, 0.0, 0.0, 0.0, -1.0, 0.0, 0.0, 0.0, 0.0, 1.0],
    "bsdf": "diffuse",
    "reflectance": "1_1_1_0.978132.png"
}, {
    "filename": "Mesh046.gem",
    "world": [1.0, 0.0, 0.0, 0.0, 0.0, 1.0, 0.0, 0.0, 0.0, 0.0, -1.0, 0.0, 0.0, 0.0, 0.0, 1.0],
    "bsdf": "diffuse",
    "reflectance": "1_1_1_0.978132.png"
}, {
    "filename": "Mesh045.gem",
    "world": [1.0, 0.0, 0.0, 0.0, 0.0, 1.0, 0.0, 0.0, 0.0, 0.0, -1.0, 0.0, 0.0, 0.0, 0.0, 1.0],
    "bsdf": "diffuse",
    "reflectance": "1_1_1_0.978132.png"
}, {
    "filename": "Mesh043.gem",
    "world": [1.0, 0.0, 0.0, 0.0, 0.0, 1.0, 0.0, 0.0, 0.0, 0.0, -1.0, 0.0, 0.0, 0.0, 0.0, 1.0],
    "bsdf": "diffuse",
    "reflectance": "0.578596_0.578596_0.578596_1.0.png"
}, {
    "filename": "Mesh070.gem",
    "world": [1.0, 0.0, 0.0, 0.0, 0.0, 1.0, 0.0, 0.0, 0.0, 0.0, -1.0, 0.0, 0.0, 0.0, 0.0, 1.0],
    "bsdf": "diffuse",
    "reflectance": "0.578596_0.578596_0.578596_1.0.png"
}, {
    "filename": "Mesh042.gem",
    "world": [1.0, 0.0, 0.0, 0.0, 0.0, 1.0, 0.0, 0.0, 0.0, 0.0, -1.0, 0.0, 0.0, 0.0, 0.0, 1.0],
    "bsdf": "diffuse",
    "reflectance": "0.578596_0.578596_0.578596_1.0.png"
}, {
    "filename": "Mesh041.gem",
    "world": [1.0, 0.0, 0.0, 0.0, 0.0, 1.0, 0.0, 0.0, 0.0, 0.0, -1.0, 0.0, 0.0, 0.0, 0.0, 1.0],
    "bsdf": "diffuse",
    "reflectance": "0.578596_0.578596_0.578596_1.0.png"
}, {
    "filename": "Mesh039.gem",
    "world": [1.0, 0.0, 0.0, 0.0, 0.0, 1.0, 0.0, 0.0, 0.0, 0.0, -1.0, 0.0, 0.0, 0.0, 0.0, 1.0],
    "bsdf": "diffuse",
    "reflectance": "0.578596_0.578596_0.578596_1.0.png"
}, {
    "filename": "Mesh038.gem",
    "world": [1.0, 0.0, 0.0, 0.0, 0.0, 1.0, 0.0, 0.0, 0.0, 0.0, -1.0, 0.0, 0.0, 0.0, 0.0, 1.0],
    "bsdf": "diffuse",
    "reflectance": "0.578596_0.578596_0.578596_1.0.png"
}, {
    "filename": "Mesh037.gem",
    "world": [1.0, 0.0, 0.0, 0.0, 0.0, 1.0, 0.0, 0.0, 0.0, 0.0, -1.0, 0.0, 0.0, 0.0, 0.0, 1.0],
    "bsdf": "diffuse",
    "reflectance": "0.578596_0.578596_0.578596_1.0.png"
}, {
    "filename": "Mesh036.gem",
    "world": [1.0, 0.0, 0.0, 0.0, 0.0, 1.0, 0.0, 0.0, 0.0, 0.0, -1.0, 0.0, 0.0, 0.0, 0.0, 1.0],
    "bsdf": "diffuse",
    "reflectance": "0.578596_0.578596_0.578596_1.0.png"
}, {
    "filename": "Mesh034.gem",
    "world": [1.0, 0.0, 0.0, 0.0, 0.0, 1.0, 0.0, 0.0, 0.0, 0.0, -1.0, 0.0, 0.0, 0.0, 0.0, 1.0],
    "bsdf": "diffuse",
    "reflectance": "0.578596_0.578596_0.578596_1.0.png"
}, {
    "filename": "Mesh033.gem",
    "world": [1.0, 0.0, 0.0, 0.0, 0.0, 1.0, 0.0, 0.0, 0.0, 0.0, -1.0, 0.0, 0.0, 0.0, 0.0, 1.0],
    "bsdf": "diffuse",
    "reflectance": "0.578596_0.578596_0.578596_1.0.png"
}, {
    "filename": "Mesh031.gem",
    "world": [1.0, 0.0, 0.0, 0.0, 0.0, 1.0, 0.0, 0.0, 0.0, 0.0, -1.0, 0.0, 0.0, 0.0, 0.0, 1.0],
    "bsdf": "diffuse",
    "reflectance": "0.578596_0.578596_0.578596_1.0.png"
}, {
    "filename": "Mesh094.gem",
    "world": [1.0, 0.0, 0.0, 0.0, 0.0, 1.0, 0.0, 0.0, 0.0, 0.0, -1.0, 0.0, 0.0, 0.0, 0.0, 1.0],
    "bsdf": "diffuse",
    "reflectance": "0.578596_0.578596_0.578596_1.0.png"
}, {
    "filename": "Mesh102.gem",
    "world": [1.0, 0.0, 0.0, 0.0, 0.0, 1.0, 0.0, 0.0, 0.0, 0.0, -1.0, 0.0, 0.0, 0.0, 0.0, 1.0],
    "bsdf": "diffuse",
    "reflectance": "1_1_1_0.978132.png"
}, {
    "filename": "Mesh058.gem",
    "world": [1.0, 0.0, 0.0, 0.0, 0.0, 1.0, 0.0, 0.0, 0.0, 0.0, -1.0, 0.0, 0.0, 0.0, 0.0, 1.0],
    "bsdf": "diffuse",
    "reflectance": "1_1_1_0.978132.png"
}, {
    "filename": "Mesh030.gem",
    "world": [1.0, 0.0, 0.0, 0.0, 0.0, 1.0, 0.0, 0.0, 0.0, 0.0, -1.0, 0.0, 0.0, 0.0, 0.0, 1.0],
    "bsdf": "mirror",
    "reflectance": "1_1_1.png"
}, {
    "filename": "Mesh028.gem",
    "world": [1.0, 0.0, 0.0, 0.0, 0.0, 1.0, 0.0, 0.0, 0.0, 0.0, -1.0, 0.0, 0.0, 0.0, 0.0, 1.0],
    "bsdf": "conductor",
    "roughness": "0.06085957725183973",
    "extEta": "1",
    "reflectance": "0.1_0.1_0.1_1.0.png",
    "eta": "4.3707 3.3003 2.99827",
    "k": "3.50068 2.60487 2.27319"
}, {
    "filename": "Mesh027.gem",
    "world": [1.0, 0.0, 0.0, 0.0, 0.0, 1.0, 0.0, 0.0, 0.0, 0.0, -1.0, 0.0, 0.0, 0.0, 0.0, 1.0],
    "bsdf": "conductor",
    "roughness": "0.06085957725183973",
    "extEta": "1",
    "reflectance": "0.1_0.1_0.1_1.0.png",
    "eta": "4.3707 3.3003 2.99827",
    "k": "3.50068 2.60487 2.27319"
}, {
    "filename": "Mesh026.gem",
    "world": [1.0, 0.0, 0.0, 0.0, 0.0, 1.0, 0.0, 0.0, 0.0, 0.0, -1.0, 0.0, 0.0, 0.0, 0.0, 1.0],
    "bsdf": "mirror",
    "reflectance": "1_1_1.png"
}, {
    "filename": "Mesh097.gem",
    "world": [1.0, 0.0, 0.0, 0.0, 0.0, 1.0, 0.0, 0.0, 0.0, 0.0, -1.0, 0.0, 0.0, 0.0, 0.0, 1.0],
    "bsdf": "conductor",
    "roughness": "0.06085957725183973",
    "extEta": "1",
    "reflectance": "0.1_0.1_0.1_1.0.png",
    "eta": "4.3707 3.3003 2.99827",
    "k": "3.50068 2.60487 2.27319"
}, {
    "filename": "Mesh035.gem",
    "world": [1.0, 0.0, 0.0, 0.0, 0.0, 1.0, 0.0, 0.0, 0.0, 0.0, -1.0, 0.0, 0.0, 0.0, 0.0, 1.0],
    "bsdf": "conductor",
    "roughness": "0.06085957725183973",
    "extEta": "1",
    "reflectance": "0.1_0.1_0.1_1.0.png",
    "eta": "4.3707 3.3003 2.99827",
    "k": "3.50068 2.60487 2.27319"
}, {
    "filename": "Mesh024.gem",
    "world": [1.0, 0.0, 0.0, 0.0, 0.0, 1.0, 0.0, 0.0, 0.0, 0.0, -1.0, 0.0, 0.0, 0.0, 0.0, 1.0],
    "bsdf": "conductor",
    "roughness": "0.06085957725183973",
    "extEta": "1",
    "reflectance": "0.1_0.1_0.1_1.0.png",
    "eta": "4.3707 3.3003 2.99827",
    "k": "3.50068 2.60487 2.27319"
}, {
    "filename": "Mesh023.gem",
    "world": [1.0, 0.0, 0.0, 0.0, 0.0, 1.0, 0.0, 0.0, 0.0, 0.0, -1.0, 0.0, 0.0, 0.0, 0.0, 1.0],
    "bsdf": "conductor",
    "roughness": "0.06085957725183973",
    "extEta": "1",
    "reflectance": "0.1_0.1_0.1_1.0.png",
    "eta": "4.3707 3.3003 2.99827",
    "k": "3.50068 2.60487 2.27319"
}, {
    "filename": "Mesh089.gem",
    "world": [1.0, 0.0, 0.0, 0.0, 0.0, 1.0, 0.0, 0.0, 0.0, 0.0, -1.0, 0.0, 0.0, 0.0, 0.0, 1.0],
    "bsdf": "conductor",
    "roughness": "0.06085957725183973",
    "extEta": "1",
    "reflectance": "0.1_0.1_0.1_1.0.png",
    "eta": "4.3707 3.3003 2.99827",
    "k": "3.50068 2.60487 2.27319"
}, {
    "filename": "Mesh022.gem",
    "world": [1.0, 0.0, 0.0, 0.0, 0.0, 1.0, 0.0, 0.0, 0.0, 0.0, -1.0, 0.0, 0.0, 0.0, 0.0, 1.0],
    "bsdf": "plastic",
    "roughness": "0.008558378051039959",
    "intIOR": "1.5",
    "extIOR": "1",
    "reflectance": "1_1_1_1.0.png"
}, {
    "filename": "Mesh137.gem",
    "world": [1.0, 0.0, 0.0, 0.0, 0.0, 1.0, 0.0, 0.0, 0.0, 0.0, -1.0, 0.0, 0.0, 0.0, 0.0, 1.0],
    "bsdf": "plastic",
    "roughness": "0.008558378051039959",
    "intIOR": "1.5",
    "extIOR": "1",
    "reflectance": "1_1_1_1.0.png"
}, {
    "filename": "Mesh121.gem",
    "world": [1.0, 0.0, 0.0, 0.0, 0.0, 1.0, 0.0, 0.0, 0.0, 0.0, -1.0, 0.0, 0.0, 0.0, 0.0, 1.0],
    "bsdf": "glass",
    "reflectance": "1_1_1.png"
}, {
    "filename": "Mesh021.gem",
    "world": [1.0, 0.0, 0.0, 0.0, 0.0, 1.0, 0.0, 0.0, 0.0, 0.0, -1.0, 0.0, 0.0, 0.0, 0.0, 1.0],
    "bsdf": "plastic",
    "roughness": "0.008558378051039959",
    "intIOR": "1.5",
    "extIOR": "1",
    "reflectance": "1_1_1_1.0.png"
}, {
    "filename": "Mesh115.gem",
    "world": [1.0, 0.0, 0.0, 0.0, 0.0, 1.0, 0.0, 0.0, 0.0, 0.0, -1.0, 0.0, 0.0, 0.0, 0.0, 1.0],
    "bsdf": "plastic",
    "roughness": "0.008558378051039959",
    "intIOR": "1.5",
    "extIOR": "1",
    "reflectance": "1_1_1_1.0.png"
}, {
    "filename": "Mesh120.gem",
    "world": [1.0, 0.0, 0.0, 0.0, 0.0, 1.0, 0.0, 0.0, 0.0, 0.0, -1.0, 0.0, 0.0, 0.0, 0.0, 1.0],
    "bsdf": "plastic",
    "roughness": "0.008558378051039959",
    "intIOR": "1.5",
    "extIOR": "1",
    "reflectance": "1_1_1_1.0.png"
}, {
    "filename": "Mesh020.gem",
    "world": [1.0, 0.0, 0.0, 0.0, 0.0, 1.0, 0.0, 0.0, 0.0, 0.0, -1.0, 0.0, 0.0, 0.0, 0.0, 1.0],
    "bsdf": "diffuse",
    "reflectance": "0.6_0.6_0.6_1.0.png"
}, {
    "filename": "Mesh019.gem",
    "world": [1.0, 0.0, 0.0, 0.0, 0.0, 1.0, 0.0, 0.0, 0.0, 0.0, -1.0, 0.0, 0.0, 0.0, 0.0, 1.0],
    "bsdf": "plastic",
    "roughness": "0.008558378051039959",
    "intIOR": "1.5",
    "extIOR": "1",
    "reflectance": "wood4.jpg"
}, {
    "filename": "Mesh017.gem",
    "world": [1.0, 0.0, 0.0, 0.0, 0.0, 1.0, 0.0, 0.0, 0.0, 0.0, -1.0, 0.0, 0.0, 0.0, 0.0, 1.0],
    "bsdf": "plastic",
    "roughness": "0.008558378051039959",
    "intIOR": "1.5",
    "extIOR": "1",
    "reflectance": "1_1_1_1.0.png"
}, {
    "filename": "Mesh016.gem",
    "world": [1.0, 0.0, 0.0, 0.0, 0.0, 1.0, 0.0, 0.0, 0.0, 0.0, -1.0, 0.0, 0.0, 0.0, 0.0, 1.0],
    "bsdf": "plastic",
    "roughness": "0.008558378051039959",
    "intIOR": "1.5",
    "extIOR": "1",
    "reflectance": "1_1_1_1.0.png"
}, {
    "filename": "Mesh015.gem",
    "world": [1.0, 0.0, 0.0, 0.0, 0.0, 1.0, 0.0, 0.0, 0.0, 0.0, -1.0, 0.0, 0.0, 0.0, 0.0, 1.0],
    "bsdf": "diffuse",
    "reflectance": "0.6_0.6_0.6_1.0.png"
}, {
    "filename": "Mesh119.gem",
    "world": [1.0, 0.0, 0.0, 0.0, 0.0, 1.0, 0.0, 0.0, 0.0, 0.0, -1.0, 0.0, 0.0, 0.0, 0.0, 1.0],
    "bsdf": "plastic",
    "roughness": "0.008558378051039959",
    "intIOR": "1.5",
    "extIOR": "1",
    "reflectance": "1_1_1_1.0.png"
}, {
    "filename": "Mesh014.gem",
    "world": [1.0, 0.0, 0.0, 0.0, 0.0, 1.0, 0.0, 0.0, 0.0, 0.0, -1.0, 0.0, 0.0, 0.0, 0.0, 1.0],
    "bsdf": "plastic",
    "roughness": "0.008558378051039959",
    "intIOR": "1.5",
    "extIOR": "1",
    "reflectance": "1_1_1_1.0.png"
}, {
    "filename": "Mesh151.gem",
    "world": [1.0, 0.0, 0.0, 0.0, 0.0, 1.0, 0.0, 0.0, 0.0, 0.0, -1.0, 0.0, 0.0, 0.0, 0.0, 1.0],
    "bsdf": "plastic",
    "roughness": "0.008558378051039959",
    "intIOR": "1.5",
    "extIOR": "1",
    "reflectance": "1_1_1_1.0.png"
}, {
    "filename": "Mesh013.gem",
    "world": [1.0, 0.0, 0.0, 0.0, 0.0, 1.0, 0.0, 0.0, 0.0, 0.0, -1.0, 0.0, 0.0, 0.0, 0.0, 1.0],
    "bsdf": "plastic",
    "roughness": "0.008558378051039959",
    "intIOR": "1.5",
    "extIOR": "1",
    "reflectance": "1_1_1_1.0.png"
}, {
    "filename": "Mesh111.gem",
    "world": [1.0, 0.0, 0.0, 0.0, 0.0, 1.0, 0.0, 0.0, 0.0, 0.0, -1.0, 0.0, 0.0, 0.0, 0.0, 1.0],
    "bsdf": "plastic",
    "roughness": "0.008558378051039959",
    "intIOR": "1.5",
    "extIOR": "1",
    "reflectance": "1_1_1_1.0.png"
}, {
    "filename": "Mesh101.gem",
    "world": [1.0, 0.0, 0.0, 0.0, 0.0, 1.0, 0.0, 0.0, 0.0, 0.0, -1.0, 0.0, 0.0, 0.0, 0.0, 1.0],
    "bsdf": "plastic",
    "roughness": "0.008558378051039959",
    "intIOR": "1.5",
    "extIOR": "1",
    "reflectance": "1_1_1_1.0.png"
}, {
    "filename": "Mesh011.gem",
    "world": [1.0, 0.0, 0.0, 0.0, 0.0, 1.0, 0.0, 0.0, 0.0, 0.0, -1.0, 0.0, 0.0, 0.0, 0.0, 1.0],
    "bsdf": "diffuse",
    "reflectance": "0.578596_0.578596_0.578596_1.0.png"
}, {
    "filename": "Mesh053.gem",
    "world": [1.0, 0.0, 0.0, 0.0, 0.0, 1.0, 0.0, 0.0, 0.0, 0.0, -1.0, 0.0, 0.0, 0.0, 0.0, 1.0],
    "bsdf": "diffuse",
    "reflectance": "0.578596_0.578596_0.578596_1.0.png"
}, {
    "filename": "Mesh010.gem",
    "world": [1.0, 0.0, 0.0, 0.0, 0.0, 1.0, 0.0, 0.0, 0.0, 0.0, -1.0, 0.0, 0.0, 0.0, 0.0, 1.0],
    "bsdf": "plastic",
    "roughness": "0.003803723578239983",
    "intIOR": "1.5",
    "extIOR": "1",
    "reflectance": "0.79311_0.79311_0.79311_1.0.png"
}, {
    "filename": "Mesh082.gem",
    "world": [1.0, 0.0, 0.0, 0.0, 0.0, 1.0, 0.0, 0.0, 0.0, 0.0, -1.0, 0.0, 0.0, 0.0, 0.0, 1.0],
    "bsdf": "plastic",
    "roughness": "0.003803723578239983",
    "intIOR": "1.5",
    "extIOR": "1",
    "reflectance": "0.79311_0.79311_0.79311_1.0.png"
}, {
    "filename": "Mesh086.gem",
    "world": [1.0, 0.0, 0.0, 0.0, 0.0, 1.0, 0.0, 0.0, 0.0, 0.0, -1.0, 0.0, 0.0, 0.0, 0.0, 1.0],
    "bsdf": "plastic",
    "roughness": "0.003803723578239983",
    "intIOR": "1.5",
    "extIOR": "1",
    "reflectance": "0.79311_0.79311_0.79311_1.0.png"
}, {
    "filename": "Mesh134.gem",
    "world": [1.0, 0.0, 0.0, 0.0, 0.0, 1.0, 0.0, 0.0, 0.0, 0.0, -1.0, 0.0, 0.0, 0.0, 0.0, 1.0],
    "bsdf": "plastic",
    "roughness": "0.003803723578239983",
    "intIOR": "1.5",
    "extIOR": "1",
    "reflectance": "0.79311_0.79311_0.79311_1.0.png"
}, {
    "filename": "Mesh057.gem",
    "world": [1.0, 0.0, 0.0, 0.0, 0.0, 1.0, 0.0, 0.0, 0.0, 0.0, -1.0, 0.0, 0.0, 0.0, 0.0, 1.0],
    "bsdf": "plastic",
    "roughness": "0.003803723578239983",
    "intIOR": "1.5",
    "extIOR": "1",
    "reflectance": "0.79311_0.79311_0.79311_1.0.png"
}, {
    "filename": "Mesh081.gem",
    "world": [1.0, 0.0, 0.0, 0.0, 0.0, 1.0, 0.0, 0.0, 0.0, 0.0, -1.0, 0.0, 0.0, 0.0, 0.0, 1.0],
    "bsdf": "plastic",
    "roughness": "0.003803723578239983",
    "intIOR": "1.5",
    "extIOR": "1",
    "reflectance": "0.79311_0.79311_0.79311_1.0.png"
}, {
    "filename": "Mesh114.gem",
    "world": [1.0, 0.0, 0.0, 0.0, 0.0, 1.0, 0.0, 0.0, 0.0, 0.0, -1.0, 0.0, 0.0, 0.0, 0.0, 1.0],
    "bsdf": "diffuse",
    "reflectance": "cushion-stripe-purple.jpg"
}, {
    "filename": "Mesh008.gem",
    "world": [1.0, 0.0, 0.0, 0.0, 0.0, 1.0, 0.0, 0.0, 0.0, 0.0, -1.0, 0.0, 0.0, 0.0, 0.0, 1.0],
    "bsdf": "diffuse",
    "reflectance": "carpet-text3b.jpg"
}, {
    "filename": "Mesh158.gem",
    "world": [1.0, 0.0, 0.0, 0.0, 0.0, 1.0, 0.0, 0.0, 0.0, 0.0, -1.0, 0.0, 0.0, 0.0, 0.0, 1.0],
    "bsdf": "plastic",
    "roughness": "0",
    "intIOR": "1.5",
    "extIOR": "1",
    "reflectance": "1_1_1_1.0.png"
}, {
    "filename": "Mesh174.gem",
    "world": [1.0, 0.0, 0.0, 0.0, 0.0, 1.0, 0.0, 0.0, 0.0, 0.0, -1.0, 0.0, 0.0, 0.0, 0.0, 1.0],
    "bsdf": "conductor",
    "roughness": "0.003803723578239983",
    "extEta": "1",
    "reflectance": "1_1_1_1.0.png",
    "eta": "1.65746 0.880369 0.521229",
    "k": "9.22387 6.26952 4.837"
}, {
    "filename": "Mesh079.gem",
    "world": [1.0, 0.0, 0.0, 0.0, 0.0, 1.0, 0.0, 0.0, 0.0, 0.0, -1.0, 0.0, 0.0, 0.0, 0.0, 1.0],
    "bsdf": "diffuse",
    "reflectance": "0.578596_0.578596_0.578596_1.0.png"
}, {
    "filename": "Mesh007.gem",
    "world": [1.0, 0.0, 0.0, 0.0, 0.0, 1.0, 0.0, 0.0, 0.0, 0.0, -1.0, 0.0, 0.0, 0.0, 0.0, 1.0],
    "bsdf": "plastic",
    "roughness": "0",
    "intIOR": "1.5",
    "extIOR": "1",
    "reflectance": "1_1_1_1.0.png"
}, {
    "filename": "Mesh006.gem",
    "world": [1.0, 0.0, 0.0, 0.0, 0.0, 1.0, 0.0, 0.0, 0.0, 0.0, -1.0, 0.0, 0.0, 0.0, 0.0, 1.0],
    "bsdf": "plastic",
    "roughness": "0.003803723578239983",
    "intIOR": "1.5",
    "extIOR": "1",
    "reflectance": "1_1_1_1.0.png"
}, {
    "filename": "Mesh005.gem",
    "world": [1.0, 0.0, 0.0, 0.0, 0.0, 1.0, 0.0, 0.0, 0.0, 0.0, -1.0, 0.0, 0.0, 0.0, 0.0, 1.0],
    "bsdf": "plastic",
    "roughness": "0.003803723578239983",
    "intIOR": "1.5",
    "extIOR": "1",
    "reflectance": "1_1_1_1.0.png"
}, {
    "filename": "Mesh032.gem",
    "world": [1.0, 0.0, 0.0, 0.0, 0.0, 1.0, 0.0, 0.0, 0.0, 0.0, -1.0, 0.0, 0.0, 0.0, 0.0, 1.0],
    "bsdf": "conductor",
    "roughness": "0.003803723578239983",
    "extEta": "1",
    "reflectance": "0.49144_0.491304_0.4913_1.0.png",
    "eta": "-0.0485226 4.14275 4.66977",
    "k": "-0.0363742 0.0937665 1.30074"
}, {
    "filename": "Mesh025.gem",
    "world": [1.0, 0.0, 0.0, 0.0, 0.0, 1.0, 0.0, 0.0, 0.0, 0.0, -1.0, 0.0, 0.0, 0.0, 0.0, 1.0],
    "bsdf": "diffuse",
    "reflectance": "0.578596_0.578596_0.578596_1.0.png"
}, {
    "filename": "Mesh168.gem",
    "world": [1.0, 0.0, 0.0, 0.0, 0.0, 1.0, 0.0, 0.0, 0.0, 0.0, -1.0, 0.0, 0.0, 0.0, 0.0, 1.0],
    "bsdf": "plastic",
    "roughness": "0.008558378051039959",
    "intIOR": "1.5",
    "extIOR": "1",
    "reflectance": "0.79311_0.79311_0.79311_1.0.png"
}, {
    "filename": "Mesh146.gem",
    "world": [1.0, 0.0, 0.0, 0.0, 0.0, 1.0, 0.0, 0.0, 0.0, 0.0, -1.0, 0.0, 0.0, 0.0, 0.0, 1.0],
    "bsdf": "plastic",
    "roughness": "0.008558378051039959",
    "intIOR": "1.5",
    "extIOR": "1",
    "reflectance": "0.79311_0.79311_0.79311_1.0.png"
}, {
    "filename": "Mesh049.gem",
    "world": [1.0, 0.0, 0.0, 0.0, 0.0, 1.0, 0.0, 0.0, 0.0, 0.0, -1.0, 0.0, 0.0, 0.0, 0.0, 1.0],
    "bsdf": "plastic",
    "roughness": "0.008558378051039959",
    "intIOR": "1.5",
    "extIOR": "1",
    "reflectance": "0.79311_0.79311_0.79311_1.0.png"
}, {
    "filename": "Mesh040.gem",
    "world": [1.0, 0.0, 0.0, 0.0, 0.0, 1.0, 0.0, 0.0, 0.0, 0.0, -1.0, 0.0, 0.0, 0.0, 0.0, 1.0],
    "bsdf": "plastic",
    "roughness": "0.008558378051039959",
    "intIOR": "1.5",
    "extIOR": "1",
    "reflectance": "0.79311_0.79311_0.79311_1.0.png"
}, {
    "filename": "Mesh130.gem",
    "world": [1.0, 0.0, 0.0, 0.0, 0.0, 1.0, 0.0, 0.0, 0.0, 0.0, -1.0, 0.0, 0.0, 0.0, 0.0, 1.0],
    "bsdf": "plastic",
    "roughness": "0.008558378051039959",
    "intIOR": "1.5",
    "extIOR": "1",
    "reflectance": "0.79311_0.79311_0.79311_1.0.png"
}, {
    "filename": "Mesh075.gem",
    "world": [1.0, 0.0, 0.0, 0.0, 0.0, 1.0, 0.0, 0.0, 0.0, 0.0, -1.0, 0.0, 0.0, 0.0, 0.0, 1.0],
    "bsdf": "plastic",
    "roughness": "0.008558378051039959",
    "intIOR": "1.5",
    "extIOR": "1",
    "reflectance": "0.79311_0.79311_0.79311_1.0.png"
}, {
    "filename": "Mesh164.gem",
    "world": [1.0, 0.0, 0.0, 0.0, 0.0, 1.0, 0.0, 0.0, 0.0, 0.0, -1.0, 0.0, 0.0, 0.0, 0.0, 1.0],
    "bsdf": "plastic",
    "roughness": "0.008558378051039959",
    "intIOR": "1.5",
    "extIOR": "1",
    "reflectance": "0.79311_0.79311_0.79311_1.0.png"
}, {
    "filename": "Mesh044.gem",
    "world": [1.0, 0.0, 0.0, 0.0, 0.0, 1.0, 0.0, 0.0, 0.0, 0.0, -1.0, 0.0, 0.0, 0.0, 0.0, 1.0],
    "bsdf": "plastic",
    "roughness": "0.008558378051039959",
    "intIOR": "1.5",
    "extIOR": "1",
    "reflectance": "0.79311_0.79311_0.79311_1.0.png"
}, {
    "filename": "Mesh004.gem",
    "world": [1.0, 0.0, 0.0, 0.0, 0.0, 1.0, 0.0, 0.0, 0.0, 0.0, -1.0, 0.0, 0.0, 0.0, 0.0, 1.0],
    "bsdf": "plastic",
    "roughness": "0",
    "intIOR": "1.5",
    "extIOR": "1",
    "reflectance": "0.578596_0.578596_0.578596_1.0.png"
}, {
    "filename": "Mesh003.gem",
    "world": [1.0, 0.0, 0.0, 0.0, 0.0, 1.0, 0.0, 0.0, 0.0, 0.0, -1.0, 0.0, 0.0, 0.0, 0.0, 1.0],
    "bsdf": "plastic",
    "roughness": "0",
    "intIOR": "1.5",
    "extIOR": "1",
    "reflectance": "0.578596_0.578596_0.578596_1.0.png"
}, {
    "filename": "Mesh061.gem",
    "world": [1.0, 0.0, 0.0, 0.0, 0.0, 1.0, 0.0, 0.0, 0.0, 0.0, -1.0, 0.0, 0.0, 0.0, 0.0, 1.0],
    "bsdf": "conductor",
    "roughness": "0.003803723578239983",
    "extEta": "1",
    "reflectance": "0.578596_0.578596_0.578596_1.0.png",
    "eta": "1.65746 0.880369 0.521229",
    "k": "9.22387 6.26952 4.837"
}, {
    "filename": "Mesh002.gem",
    "world": [1.0, 0.0, 0.0, 0.0, 0.0, 1.0, 0.0, 0.0, 0.0, 0.0, -1.0, 0.0, 0.0, 0.0, 0.0, 1.0],
    "bsdf": "plastic",
    "roughness": "0",
    "intIOR": "1.5",
    "extIOR": "1",
    "reflectance": "1_1_1_1.0.png"
}, {
    "filename": "Mesh051.gem",
    "world": [1.0, 0.0, 0.0, 0.0, 0.0, 1.0, 0.0, 0.0, 0.0, 0.0, -1.0, 0.0, 0.0, 0.0, 0.0, 1.0],
    "bsdf": "plastic",
    "roughness": "0",
    "intIOR": "1.5",
    "extIOR": "1",
    "reflectance": "1_1_1_1.0.png"
}, {
    "filename": "Mesh123.gem",
    "world": [1.0, 0.0, 0.0, 0.0, 0.0, 1.0, 0.0, 0.0, 0.0, 0.0, -1.0, 0.0, 0.0, 0.0, 0.0, 1.0],
    "bsdf": "diffuse",
    "reflectance": "0.389509_0.372589_0.293747_1.0.png"
}, {
    "filename": "Mesh178.gem",
    "world": [1.0, 0.0, 0.0, 0.0, 0.0, 1.0, 0.0, 0.0, 0.0, 0.0, -1.0, 0.0, 0.0, 0.0, 0.0, 1.0],
    "bsdf": "plastic",
    "roughness": "0",
    "intIOR": "1.5",
    "extIOR": "1",
    "reflectance": "0.64_0.600153_0.43449_1.0.png"
}, {
    "filename": "Mesh084.gem",
    "world": [1.0, 0.0, 0.0, 0.0, 0.0, 1.0, 0.0, 0.0, 0.0, 0.0, -1.0, 0.0, 0.0, 0.0, 0.0, 1.0],
    "bsdf": "conductor",
    "roughness": "0.003803723578239983",
    "extEta": "1",
    "reflectance": "1_1_1_1.0.png",
    "eta": "1.65746 0.880369 0.521229",
    "k": "9.22387 6.26952 4.837"
}, {
    "filename": "Mesh012.gem",
    "world": [1.0, 0.0, 0.0, 0.0, 0.0, 1.0, 0.0, 0.0, 0.0, 0.0, -1.0, 0.0, 0.0, 0.0, 0.0, 1.0],
    "bsdf": "conductor",
    "roughness": "0.003803723578239983",
    "extEta": "1",
    "reflectance": "1_1_1_1.0.png",
    "eta": "1.65746 0.880369 0.521229",
    "k": "9.22387 6.26952 4.837"
}, {
    "filename": "Mesh001.gem",
    "world": [1.0, 0.0, 0.0, 0.0, 0.0, 1.0, 0.0, 0.0, 0.0, 0.0, -1.0, 0.0, 0.0, 0.0, 0.0, 1.0],
    "bsdf": "mirror",
    "reflectance": "1_1_1.png"
}, {
    "filename": "Mesh018.gem",
    "world": [1.0, 0.0, 0.0, 0.0, 0.0, 1.0, 0.0, 0.0, 0.0, 0.0, -1.0, 0.0, 0.0, 0.0, 0.0, 1.0],
    "bsdf": "diffuse",
    "reflectance": "radio-dial-idea.jpg"
}, {
    "filename": "Mesh000.gem",
    "world": [1.0, 0.0, 0.0, 0.0, 0.0, 1.0, 0.0, 0.0, 0.0, 0.0, -1.0, 0.0, 0.0, 0.0, 0.0, 1.0],
    "bsdf": "diffuse",
    "reflectance": "radio-dial-idea.jpg"
}, {
    "filename": "Mesh074.gem",
    "world": [1.0, 0.0, 0.0, 0.0, 0.0, 1.0, 0.0, 0.0, 0.0, 0.0, -1.0, 0.0, 0.0, 0.0, 0.0, 1.0],
    "bsdf": "diffuse",
    "reflectance": "0.640514_0.625417_0.580126_1.0.png"
}, {
    "filename": "Mesh106.gem",
    "world": [1.0, 0.0, 0.0, 0.0, 0.0, 1.0, 0.0, 0.0, 0.0, 0.0, -1.0, 0.0, 0.0, 0.0, 0.0, 1.0],
    "bsdf": "glass",
    "intIOR": "1.5",
    "extIOR": "1",
    "reflectance": "1_1_1.png"
}, {
    "filename": "Mesh029.gem",
    "world": [1.0, 0.0, 0.0, 0.0, 0.0, 1.0, 0.0, 0.0, 0.0, 0.0, -1.0, 0.0, 0.0, 0.0, 0.0, 1.0],
    "bsdf": "plastic",
    "roughness": "0",
    "intIOR": "1.5",
    "extIOR": "1",
    "reflectance": "0.64_0.600153_0.43449_1.0.png"
}, {
    "filename": "Mesh163.gem",
    "world": [1.0, 0.0, 0.0, 0.0, 0.0, 1.0, 0.0, 0.0, 0.0, 0.0, -1.0, 0.0, 0.0, 0.0, 0.0, 1.0],
    "bsdf": "plastic",
    "roughness": "0",
    "intIOR": "1.5",
    "extIOR": "1",
    "reflectance": "0.64_0.600153_0.43449_1.0.png"
}, {
    "filename": "Mesh154.gem",
    "world": [1.0, 0.0, 0.0, 0.0, 0.0, 1.0, 0.0, 0.0, 0.0, 0.0, -1.0, 0.0, 0.0, 0.0, 0.0, 1.0],
    "bsdf": "conductor",
    "roughness": "0.003803723578239983",
    "extEta": "1",
    "reflectance": "1_1_1_1.0.png",
    "eta": "1.65746 0.880369 0.521229",
    "k": "9.22387 6.26952 4.837"
}, {
    "filename": "Mesh060.gem",
    "world": [1.0, 0.0, 0.0, 0.0, 0.0, 1.0, 0.0, 0.0, 0.0, 0.0, -1.0, 0.0, 0.0, 0.0, 0.0, 1.0],
    "bsdf": "plastic",
    "roughness": "0",
    "intIOR": "1.5",
    "extIOR": "1",
    "reflectance": "0.64_0.600153_0.43449_1.0.png"
}, {
    "filename": "Mesh048.gem",
    "world": [1.0, 0.0, 0.0, 0.0, 0.0, 1.0, 0.0, 0.0, 0.0, 0.0, -1.0, 0.0, 0.0, 0.0, 0.0, 1.0],
    "bsdf": "diffuse",
    "reflectance": "0.015078_0.015078_0.015078_1.0.png"
}, {
    "filename": "Mesh009.gem",
    "world": [1.0, 0.0, 0.0, 0.0, 0.0, 1.0, 0.0, 0.0, 0.0, 0.0, -1.0, 0.0, 0.0, 0.0, 0.0, 1.0],
    "bsdf": "diffuse",
    "reflectance": "0.358375_0.300936_0.128617_1.0.png"
}, {
    "filename": "Mesh093.gem",
    "world": [1.0, 0.0, 0.0, 0.0, 0.0, 1.0, 0.0, 0.0, 0.0, 0.0, -1.0, 0.0, 0.0, 0.0, 0.0, 1.0],
    "bsdf": "diffuse",
    "reflectance": "0.066822_0.028495_0.013827_1.0.png"
}, {
    "filename": "Mesh133.gem",
    "world": [1.0, 0.0, 0.0, 0.0, 0.0, 1.0, 0.0, 0.0, 0.0, 0.0, -1.0, 0.0, 0.0, 0.0, 0.0, 1.0],
    "bsdf": "conductor",
    "roughness": "0.003803723578239983",
    "extEta": "1",
    "reflectance": "1_1_1_1.0.png",
    "eta": "1.65746 0.880369 0.521229",
    "k": "9.22387 6.26952 4.837"
}, {
    "filename": "Mesh142.gem",
    "world": [1.0, 0.0, 0.0, 0.0, 0.0, 1.0, 0.0, 0.0, 0.0, 0.0, -1.0, 0.0, 0.0, 0.0, 0.0, 1.0],
    "bsdf": "conductor",
    "roughness": "0.003803723578239983",
    "extEta": "1",
    "reflectance": "1_1_1_1.0.png",
    "eta": "1.65746 0.880369 0.521229",
    "k": "9.22387 6.26952 4.837"
}, {
    "filename": "Rectangle.gem",
    "world": [0.422647, 0.0, 0.0, 0.213572, 0.0, 0.821719, 1.40628e-08, 1.96307, 0.0, 1.40628e-08, 0.5, 0.383951, 0.0, 0.0, 0.0, 1.0],
    "bsdf": "diffuse",
    "reflectance": "0 0 0_1.0.png",
    "emission": "13.748 13.748 13.748"
}, {
    "filename": "Rectangle.gem",
    "world": [0.280021, -1.05076e-08, 0.240387, -1.03113, 6.71125e-09, 0.841037, 1.75988e-08, 1.96592, -0.153536, 1.75988e-08, 0.438422, 0.659918, 0.0, 0.0, 0.0, 1.0],
    "bsdf": "diffuse",
    "reflectance": "0 0 0_1.0.png",
    "emission": "17.777 17.777 17.777"
}, {
    "filename": "Rectangle.gem",
    "world": [0.280997, 1.03849e-08, -0.23758, 1.45584, -6.63289e-09, 0.841037, 1.75321e-08, 1.96592, 0.151743, 1.75321e-08, 0.43995, 0.658936, 0.0, 0.0, 0.0, 1.0],
    "bsdf": "diffuse",
    "reflectance": "0 0 0_1.0.png",
    "emission": "17.777 17.777 17.777"
}, {
    "filename": "Rectangle.gem",
    "world": [-1.52674, -3.30012e-15, 7.54979e-08, -0.149774, 1.00769e-14, 0.964701, 6.40241e-08, 2.03104, -2.30532e-07, 6.40241e-08, -0.5, 8.14201, 0.0, 0.0, 0.0, 1.0],
    "bsdf": "diffuse",
    "reflectance": "0 0 0_1.0.png",
    "emission": "1.08059 1.08059 1.08059"
}]
}