{
    "width": "1280",
    "height": "720",
    "fov": "35.0",
    "from": "-4.698577 0.99 7.247489",
    "to": "-4.228293 1.097154 6.409624",
    "up": "0.135655 0.960826 -0.241685",
    "envmap": "envmap.hdr",
    "instances": [{
    "filename": "Mesh032.gem",
    "world": [1.0, 0.0, 0.0, 0.0, 0.0, 1.0, 0.0, 0.0, 0.0, 0.0, -1.0, 0.0, 0.0, 0.0, 0.0, 1.0],
    "bsdf": "plastic",
    "roughness": "0.06085957725183973",
    "intIOR": "1.5",
    "extIOR": "1",
    "reflectance": "0.028991_0.028991_0.028991_1.0.png"
}, {
    "filename": "Mesh025.gem",
    "world": [1.0, 0.0, 0.0, 0.0, 0.0, 1.0, 0.0, 0.0, 0.0, 0.0, -1.0, 0.0, 0.0, 0.0, 0.0, 1.0],
    "bsdf": "diffuse",
    "reflectance": "0.578596_0.578596_0.578596_1.0.png"
}, {
    "filename": "Mesh031.gem",
    "world": [1.0, 0.0, 0.0, 0.0, 0.0, 1.0, 0.0, 0.0, 0.0, 0.0, -1.0, 0.0, 0.0, 0.0, 0.0, 1.0],
    "bsdf": "conductor",
    "roughness": "0.003803723578239983",
    "extEta": "1",
    "reflectance": "1_1_1_1.0.png",
    "eta": "4.36968 2.9167 1.6547",
    "k": "5.20643 4.23136 3.75495"
}, {
    "filename": "Mesh022.gem",
    "world": [1.0, 0.0, 0.0, 0.0, 0.0, 1.0, 0.0, 0.0, 0.0, 0.0, -1.0, 0.0, 0.0, 0.0, 0.0, 1.0],
    "bsdf": "conductor",
    "roughness": "0.003803723578239983",
    "extEta": "1",
    "reflectance": "1_1_1_1.0.png",
    "eta": "4.36968 2.9167 1.6547",
    "k": "5.20643 4.23136 3.75495"
}, {
    "filename": "Mesh034.gem",
    "world": [1.0, 0.0, 0.0, 0.0, 0.0, 1.0, 0.0, 0.0, 0.0, 0.0, -1.0, 0.0, 0.0, 0.0, 0.0, 1.0],
    "bsdf": "diffuse",
    "reflectance": "0.07074_0.07074_0.07074_1.0.png"
}, {
    "filename": "Mesh048.gem",
    "world": [1.0, 0.0, 0.0, 0.0, 0.0, 1.0, 0.0, 0.0, 0.0, 0.0, -1.0, 0.0, 0.0, 0.0, 0.0, 1.0],
    "bsdf": "diffuse",
    "reflectance": "0.028991_0.028991_0.028991_1.0.png"
}, {
    "filename": "Mesh030.gem",
    "world": [1.0, 0.0, 0.0, 0.0, 0.0, 1.0, 0.0, 0.0, 0.0, 0.0, -1.0, 0.0, 0.0, 0.0, 0.0, 1.0],
    "bsdf": "mirror",
    "reflectance": "1_1_1.png"
}, {
    "filename": "Mesh040.gem",
    "world": [1.0, 0.0, 0.0, 0.0, 0.0, 1.0, 0.0, 0.0, 0.0, 0.0, -1.0, 0.0, 0.0, 0.0, 0.0, 1.0],
    "bsdf": "conductor",
    "roughness": "0.003803723578239983",
    "extEta": "1",
    "reflectance": "1_1_1_1.0.png",
    "eta": "4.36968 2.9167 1.6547",
    "k": "5.20643 4.23136 3.75495"
}, {
    "filename": "Mesh023.gem",
    "world": [1.0, 0.0, 0.0, 0.0, 0.0, 1.0, 0.0, 0.0, 0.0, 0.0, -1.0, 0.0, 0.0, 0.0, 0.0, 1.0],
    "bsdf": "plastic",
    "roughness": "0.06085957725183973",
    "intIOR": "1.5",
    "extIOR": "1",
    "reflectance": "0.417004_0.403278_0.391924_1.0.png"
}, {
    "filename": "Mesh015.gem",
    "world": [1.0, 0.0, 0.0, 0.0, 0.0, 1.0, 0.0, 0.0, 0.0, 0.0, -1.0, 0.0, 0.0, 0.0, 0.0, 1.0],
    "bsdf": "mirror",
    "reflectance": "1_1_1.png"
}, {
    "filename": "Mesh038.gem",
    "world": [1.0, 0.0, 0.0, 0.0, 0.0, 1.0, 0.0, 0.0, 0.0, 0.0, -1.0, 0.0, 0.0, 0.0, 0.0, 1.0],
    "bsdf": "mirror",
    "reflectance": "1_1_1.png"
}, {
    "filename": "Mesh027.gem",
    "world": [1.0, 0.0, 0.0, 0.0, 0.0, 1.0, 0.0, 0.0, 0.0, 0.0, -1.0, 0.0, 0.0, 0.0, 0.0, 1.0],
    "bsdf": "plastic",
    "roughness": "0.034233512204159836",
    "intIOR": "1.5",
    "extIOR": "1",
    "reflectance": "0.612066_0.612066_0.612066_1.0.png"
}, {
    "filename": "Mesh036.gem",
    "world": [1.0, 0.0, 0.0, 0.0, 0.0, 1.0, 0.0, 0.0, 0.0, 0.0, -1.0, 0.0, 0.0, 0.0, 0.0, 1.0],
    "bsdf": "mirror",
    "reflectance": "1_1_1.png"
}, {
    "filename": "Mesh054.gem",
    "world": [1.0, 0.0, 0.0, 0.0, 0.0, 1.0, 0.0, 0.0, 0.0, 0.0, -1.0, 0.0, 0.0, 0.0, 0.0, 1.0],
    "bsdf": "mirror",
    "reflectance": "1_1_1.png"
}, {
    "filename": "Mesh026.gem",
    "world": [1.0, 0.0, 0.0, 0.0, 0.0, 1.0, 0.0, 0.0, 0.0, 0.0, -1.0, 0.0, 0.0, 0.0, 0.0, 1.0],
    "bsdf": "mirror",
    "reflectance": "1_1_1.png"
}, {
    "filename": "Mesh028.gem",
    "world": [1.0, 0.0, 0.0, 0.0, 0.0, 1.0, 0.0, 0.0, 0.0, 0.0, -1.0, 0.0, 0.0, 0.0, 0.0, 1.0],
    "bsdf": "conductor",
    "roughness": "0.003803723578239983",
    "extEta": "1",
    "reflectance": "1_1_1_1.0.png",
    "eta": "4.36968 2.9167 1.6547",
    "k": "5.20643 4.23136 3.75495"
}, {
    "filename": "Mesh046.gem",
    "world": [1.0, 0.0, 0.0, 0.0, 0.0, 1.0, 0.0, 0.0, 0.0, 0.0, -1.0, 0.0, 0.0, 0.0, 0.0, 1.0],
    "coatingBsdfRoughness": "0",
    "coatingThickness": "1",
    "coatingIntIOR": "1.3",
    "coatingExtIOR": "1",
    "coatingSigmaA": "1.36688 0.926143 2.0149",
    "bsdf": "conductor",
    "roughness": "0.003803723578239983",
    "extEta": "1",
    "reflectance": "1_1_1_1.0.png",
    "eta": "1.65746 0.880369 0.521229",
    "k": "9.22387 6.26952 4.837"
}, {
    "filename": "Mesh019.gem",
    "world": [1.0, 0.0, 0.0, 0.0, 0.0, 1.0, 0.0, 0.0, 0.0, 0.0, -1.0, 0.0, 0.0, 0.0, 0.0, 1.0],
    "bsdf": "diffuse",
    "reflectance": "0.028991_0.028991_0.028991_1.0.png"
}, {
    "filename": "Mesh017.gem",
    "world": [1.0, 0.0, 0.0, 0.0, 0.0, 1.0, 0.0, 0.0, 0.0, 0.0, -1.0, 0.0, 0.0, 0.0, 0.0, 1.0],
    "bsdf": "glass",
    "intIOR": "1.5",
    "extIOR": "1",
    "reflectance": "1_1_1.png"
}, {
    "filename": "Mesh014.gem",
    "world": [1.0, 0.0, 0.0, 0.0, 0.0, 1.0, 0.0, 0.0, 0.0, 0.0, -1.0, 0.0, 0.0, 0.0, 0.0, 1.0],
    "bsdf": "plastic",
    "roughness": "0.06085957725183973",
    "intIOR": "1.5",
    "extIOR": "1",
    "reflectance": "0.028991_0.028991_0.028991_1.0.png"
}, {
    "filename": "Mesh013.gem",
    "world": [1.0, 0.0, 0.0, 0.0, 0.0, 1.0, 0.0, 0.0, 0.0, 0.0, -1.0, 0.0, 0.0, 0.0, 0.0, 1.0],
    "bsdf": "diffuse",
    "reflectance": "0.578596_0.578596_0.578596_1.0.png"
}, {
    "filename": "Mesh035.gem",
    "world": [1.0, 0.0, 0.0, 0.0, 0.0, 1.0, 0.0, 0.0, 0.0, 0.0, -1.0, 0.0, 0.0, 0.0, 0.0, 1.0],
    "bsdf": "conductor",
    "roughness": "0.003803723578239983",
    "extEta": "1",
    "reflectance": "1_1_1_1.0.png",
    "eta": "4.36968 2.9167 1.6547",
    "k": "5.20643 4.23136 3.75495"
}, {
    "filename": "Mesh042.gem",
    "world": [1.0, 0.0, 0.0, 0.0, 0.0, 1.0, 0.0, 0.0, 0.0, 0.0, -1.0, 0.0, 0.0, 0.0, 0.0, 1.0],
    "bsdf": "conductor",
    "roughness": "0.003803723578239983",
    "extEta": "1",
    "reflectance": "1_1_1_1.0.png",
    "eta": "4.36968 2.9167 1.6547",
    "k": "5.20643 4.23136 3.75495"
}, {
    "filename": "Mesh029.gem",
    "world": [1.0, 0.0, 0.0, 0.0, 0.0, 1.0, 0.0, 0.0, 0.0, 0.0, -1.0, 0.0, 0.0, 0.0, 0.0, 1.0],
    "bsdf": "diffuse",
    "reflectance": "0_0_0_1.0.png"
}, {
    "filename": "Mesh018.gem",
    "world": [1.0, 0.0, 0.0, 0.0, 0.0, 1.0, 0.0, 0.0, 0.0, 0.0, -1.0, 0.0, 0.0, 0.0, 0.0, 1.0],
    "bsdf": "mirror",
    "reflectance": "1_1_1.png"
}, {
    "filename": "Mesh024.gem",
    "world": [1.0, 0.0, 0.0, 0.0, 0.0, 1.0, 0.0, 0.0, 0.0, 0.0, -1.0, 0.0, 0.0, 0.0, 0.0, 1.0],
    "bsdf": "conductor",
    "roughness": "0.003803723578239983",
    "extEta": "1",
    "reflectance": "1_1_1_1.0.png",
    "eta": "4.36968 2.9167 1.6547",
    "k": "5.20643 4.23136 3.75495"
}, {
    "filename": "Mesh041.gem",
    "world": [1.0, 0.0, 0.0, 0.0, 0.0, 1.0, 0.0, 0.0, 0.0, 0.0, -1.0, 0.0, 0.0, 0.0, 0.0, 1.0],
    "bsdf": "conductor",
    "roughness": "0.003803723578239983",
    "extEta": "1",
    "reflectance": "1_1_1_1.0.png",
    "eta": "4.36968 2.9167 1.6547",
    "k": "5.20643 4.23136 3.75495"
}, {
    "filename": "Mesh044.gem",
    "world": [1.0, 0.0, 0.0, 0.0, 0.0, 1.0, 0.0, 0.0, 0.0, 0.0, -1.0, 0.0, 0.0, 0.0, 0.0, 1.0],
    "coatingBsdfRoughness": "0",
    "coatingThickness": "1",
    "coatingIntIOR": "1.3",
    "coatingExtIOR": "1",
    "coatingSigmaA": "1.36688 0.926143 2.0149",
    "bsdf": "conductor",
    "roughness": "0.003803723578239983",
    "extEta": "1",
    "reflectance": "1_1_1_1.0.png",
    "eta": "1.65746 0.880369 0.521229",
    "k": "9.22387 6.26952 4.837"
}, {
    "filename": "Mesh045.gem",
    "world": [1.0, 0.0, 0.0, 0.0, 0.0, 1.0, 0.0, 0.0, 0.0, 0.0, -1.0, 0.0, 0.0, 0.0, 0.0, 1.0],
    "bsdf": "mirror",
    "reflectance": "1_1_1.png"
}, {
    "filename": "Mesh058.gem",
    "world": [1.0, 0.0, 0.0, 0.0, 0.0, 1.0, 0.0, 0.0, 0.0, 0.0, -1.0, 0.0, 0.0, 0.0, 0.0, 1.0],
    "bsdf": "mirror",
    "reflectance": "1_1_1.png"
}, {
    "filename": "Mesh047.gem",
    "world": [1.0, 0.0, 0.0, 0.0, 0.0, 1.0, 0.0, 0.0, 0.0, 0.0, -1.0, 0.0, 0.0, 0.0, 0.0, 1.0],
    "coatingBsdfRoughness": "0",
    "coatingThickness": "1",
    "coatingIntIOR": "1.3",
    "coatingExtIOR": "1",
    "coatingSigmaA": "1.36688 0.926143 2.0149",
    "bsdf": "conductor",
    "roughness": "0.003803723578239983",
    "extEta": "1",
    "reflectance": "1_1_1_1.0.png",
    "eta": "1.65746 0.880369 0.521229",
    "k": "9.22387 6.26952 4.837"
}, {
    "filename": "Mesh021.gem",
    "world": [1.0, 0.0, 0.0, 0.0, 0.0, 1.0, 0.0, 0.0, 0.0, 0.0, -1.0, 0.0, 0.0, 0.0, 0.0, 1.0],
    "bsdf": "conductor",
    "roughness": "0.003803723578239983",
    "extEta": "1",
    "reflectance": "1_1_1_1.0.png",
    "eta": "4.36968 2.9167 1.6547",
    "k": "5.20643 4.23136 3.75495"
}, {
    "filename": "Mesh037.gem",
    "world": [1.0, 0.0, 0.0, 0.0, 0.0, 1.0, 0.0, 0.0, 0.0, 0.0, -1.0, 0.0, 0.0, 0.0, 0.0, 1.0],
    "bsdf": "mirror",
    "reflectance": "1_1_1.png"
}, {
    "filename": "Mesh049.gem",
    "world": [1.0, 0.0, 0.0, 0.0, 0.0, 1.0, 0.0, 0.0, 0.0, 0.0, -1.0, 0.0, 0.0, 0.0, 0.0, 1.0],
    "bsdf": "mirror",
    "reflectance": "1_1_1.png"
}, {
    "filename": "Mesh050.gem",
    "world": [1.0, 0.0, 0.0, 0.0, 0.0, 1.0, 0.0, 0.0, 0.0, 0.0, -1.0, 0.0, 0.0, 0.0, 0.0, 1.0],
    "bsdf": "mirror",
    "reflectance": "1_1_1.png"
}, {
    "filename": "Mesh043.gem",
    "world": [1.0, 0.0, 0.0, 0.0, 0.0, 1.0, 0.0, 0.0, 0.0, 0.0, -1.0, 0.0, 0.0, 0.0, 0.0, 1.0],
    "bsdf": "mirror",
    "reflectance": "1_1_1.png"
}, {
    "filename": "Mesh051.gem",
    "world": [1.0, 0.0, 0.0, 0.0, 0.0, 1.0, 0.0, 0.0, 0.0, 0.0, -1.0, 0.0, 0.0, 0.0, 0.0, 1.0],
    "bsdf": "mirror",
    "reflectance": "1_1_1.png"
}, {
    "filename": "Mesh052.gem",
    "world": [1.0, 0.0, 0.0, 0.0, 0.0, 1.0, 0.0, 0.0, 0.0, 0.0, -1.0, 0.0, 0.0, 0.0, 0.0, 1.0],
    "bsdf": "mirror",
    "reflectance": "1_1_1.png"
}, {
    "filename": "Mesh053.gem",
    "world": [1.0, 0.0, 0.0, 0.0, 0.0, 1.0, 0.0, 0.0, 0.0, 0.0, -1.0, 0.0, 0.0, 0.0, 0.0, 1.0],
    "bsdf": "conductor",
    "roughness": "0.003803723578239983",
    "extEta": "1",
    "reflectance": "1_1_1_1.0.png",
    "eta": "4.36968 2.9167 1.6547",
    "k": "5.20643 4.23136 3.75495"
}, {
    "filename": "Mesh033.gem",
    "world": [1.0, 0.0, 0.0, 0.0, 0.0, 1.0, 0.0, 0.0, 0.0, 0.0, -1.0, 0.0, 0.0, 0.0, 0.0, 1.0],
    "bsdf": "mirror",
    "reflectance": "1_1_1.png"
}, {
    "filename": "Mesh055.gem",
    "world": [1.0, 0.0, 0.0, 0.0, 0.0, 1.0, 0.0, 0.0, 0.0, 0.0, -1.0, 0.0, 0.0, 0.0, 0.0, 1.0],
    "bsdf": "mirror",
    "reflectance": "1_1_1.png"
}, {
    "filename": "Mesh060.gem",
    "world": [1.0, 0.0, 0.0, 0.0, 0.0, 1.0, 0.0, 0.0, 0.0, 0.0, -1.0, 0.0, 0.0, 0.0, 0.0, 1.0],
    "coatingBsdfRoughness": "0",
    "coatingThickness": "1",
    "coatingIntIOR": "1.3",
    "coatingExtIOR": "1",
    "coatingSigmaA": "1.36688 0.926143 2.0149",
    "bsdf": "conductor",
    "roughness": "0.003803723578239983",
    "extEta": "1",
    "reflectance": "1_1_1_1.0.png",
    "eta": "1.65746 0.880369 0.521229",
    "k": "9.22387 6.26952 4.837"
}, {
    "filename": "Mesh059.gem",
    "world": [1.0, 0.0, 0.0, 0.0, 0.0, 1.0, 0.0, 0.0, 0.0, 0.0, -1.0, 0.0, 0.0, 0.0, 0.0, 1.0],
    "bsdf": "plastic",
    "roughness": "0.003803723578239983",
    "intIOR": "1.5",
    "extIOR": "1",
    "reflectance": "0.434446_0.434446_0.434446_1.0.png"
}, {
    "filename": "Mesh020.gem",
    "world": [1.0, 0.0, 0.0, 0.0, 0.0, 1.0, 0.0, 0.0, 0.0, 0.0, -1.0, 0.0, 0.0, 0.0, 0.0, 1.0],
    "bsdf": "diffuse",
    "reflectance": "0_0_0_1.0.png"
}, {
    "filename": "Mesh061.gem",
    "world": [1.0, 0.0, 0.0, 0.0, 0.0, 1.0, 0.0, 0.0, 0.0, 0.0, -1.0, 0.0, 0.0, 0.0, 0.0, 1.0],
    "bsdf": "diffuse",
    "reflectance": "0.531049_0.531049_0.531049_1.0.png"
}, {
    "filename": "Mesh062.gem",
    "world": [1.0, 0.0, 0.0, 0.0, 0.0, 1.0, 0.0, 0.0, 0.0, 0.0, -1.0, 0.0, 0.0, 0.0, 0.0, 1.0],
    "coatingBsdfRoughness": "0",
    "coatingThickness": "1",
    "coatingIntIOR": "1.3",
    "coatingExtIOR": "1",
    "coatingSigmaA": "1.36688 0.926143 2.0149",
    "bsdf": "conductor",
    "roughness": "0.003803723578239983",
    "extEta": "1",
    "reflectance": "1_1_1_1.0.png",
    "eta": "1.65746 0.880369 0.521229",
    "k": "9.22387 6.26952 4.837"
}, {
    "filename": "Mesh012.gem",
    "world": [1.0, 0.0, 0.0, 0.0, 0.0, 1.0, 0.0, 0.0, 0.0, 0.0, -1.0, 0.0, 0.0, 0.0, 0.0, 1.0],
    "coatingBsdfRoughness": "0",
    "coatingThickness": "1",
    "coatingIntIOR": "1.3",
    "coatingExtIOR": "1",
    "coatingSigmaA": "1.36688 0.926143 2.0149",
    "bsdf": "conductor",
    "roughness": "0.003803723578239983",
    "extEta": "1",
    "reflectance": "1_1_1_1.0.png",
    "eta": "1.65746 0.880369 0.521229",
    "k": "9.22387 6.26952 4.837"
}, {
    "filename": "Mesh016.gem",
    "world": [1.0, 0.0, 0.0, 0.0, 0.0, 1.0, 0.0, 0.0, 0.0, 0.0, -1.0, 0.0, 0.0, 0.0, 0.0, 1.0],
    "bsdf": "glass",
    "intIOR": "1.5",
    "extIOR": "1",
    "reflectance": "1_1_1.png"
}, {
    "filename": "Mesh011.gem",
    "world": [1.0, 0.0, 0.0, 0.0, 0.0, 1.0, 0.0, 0.0, 0.0, 0.0, -1.0, 0.0, 0.0, 0.0, 0.0, 1.0],
    "bsdf": "mirror",
    "reflectance": "1_1_1.png"
}, {
    "filename": "Mesh010.gem",
    "world": [1.0, 0.0, 0.0, 0.0, 0.0, 1.0, 0.0, 0.0, 0.0, 0.0, -1.0, 0.0, 0.0, 0.0, 0.0, 1.0],
    "bsdf": "mirror",
    "reflectance": "1_1_1.png"
}, {
    "filename": "Mesh007.gem",
    "world": [1.0, 0.0, 0.0, 0.0, 0.0, 1.0, 0.0, 0.0, 0.0, 0.0, -1.0, 0.0, 0.0, 0.0, 0.0, 1.0],
    "bsdf": "mirror",
    "reflectance": "1_1_1.png"
}, {
    "filename": "Mesh006.gem",
    "world": [1.0, 0.0, 0.0, 0.0, 0.0, 1.0, 0.0, 0.0, 0.0, 0.0, -1.0, 0.0, 0.0, 0.0, 0.0, 1.0],
    "bsdf": "mirror",
    "reflectance": "1_1_1.png"
}, {
    "filename": "Mesh004.gem",
    "world": [1.0, 0.0, 0.0, 0.0, 0.0, 1.0, 0.0, 0.0, 0.0, 0.0, -1.0, 0.0, 0.0, 0.0, 0.0, 1.0],
    "bsdf": "glass",
    "intIOR": "1.5",
    "extIOR": "1",
    "reflectance": "1_1_1.png"
}, {
    "filename": "Mesh003.gem",
    "world": [1.0, 0.0, 0.0, 0.0, 0.0, 1.0, 0.0, 0.0, 0.0, 0.0, -1.0, 0.0, 0.0, 0.0, 0.0, 1.0],
    "bsdf": "glass",
    "intIOR": "1.5",
    "extIOR": "1",
    "reflectance": "1_1_1.png"
}, {
    "filename": "Mesh005.gem",
    "world": [1.0, 0.0, 0.0, 0.0, 0.0, 1.0, 0.0, 0.0, 0.0, 0.0, -1.0, 0.0, 0.0, 0.0, 0.0, 1.0],
    "bsdf": "mirror",
    "reflectance": "1_1_1.png"
}, {
    "filename": "Mesh039.gem",
    "world": [1.0, 0.0, 0.0, 0.0, 0.0, 1.0, 0.0, 0.0, 0.0, 0.0, -1.0, 0.0, 0.0, 0.0, 0.0, 1.0],
    "bsdf": "diffuse",
    "reflectance": "0.028991_0.028991_0.028991_1.0.png"
}, {
    "filename": "Mesh057.gem",
    "world": [1.0, 0.0, 0.0, 0.0, 0.0, 1.0, 0.0, 0.0, 0.0, 0.0, -1.0, 0.0, 0.0, 0.0, 0.0, 1.0],
    "bsdf": "conductor",
    "roughness": "0.003803723578239983",
    "extEta": "1",
    "reflectance": "1_1_1_1.0.png",
    "eta": "4.36968 2.9167 1.6547",
    "k": "5.20643 4.23136 3.75495"
}, {
    "filename": "Mesh009.gem",
    "world": [1.0, 0.0, 0.0, 0.0, 0.0, 1.0, 0.0, 0.0, 0.0, 0.0, -1.0, 0.0, 0.0, 0.0, 0.0, 1.0],
    "bsdf": "mirror",
    "reflectance": "1_1_1.png"
}, {
    "filename": "Mesh008.gem",
    "world": [1.0, 0.0, 0.0, 0.0, 0.0, 1.0, 0.0, 0.0, 0.0, 0.0, -1.0, 0.0, 0.0, 0.0, 0.0, 1.0],
    "bsdf": "mirror",
    "reflectance": "1_1_1.png"
}, {
    "filename": "Mesh056.gem",
    "world": [1.0, 0.0, 0.0, 0.0, 0.0, 1.0, 0.0, 0.0, 0.0, 0.0, -1.0, 0.0, 0.0, 0.0, 0.0, 1.0],
    "bsdf": "mirror",
    "reflectance": "1_1_1.png"
}, {
    "filename": "Mesh002.gem",
    "world": [1.0, 0.0, 0.0, 0.0, 0.0, 1.0, 0.0, 0.0, 0.0, 0.0, -1.0, 0.0, 0.0, 0.0, 0.0, 1.0],
    "bsdf": "mirror",
    "reflectance": "1_1_1.png"
}, {
    "filename": "Mesh001.gem",
    "world": [1.0, 0.0, 0.0, 0.0, 0.0, 1.0, 0.0, 0.0, 0.0, 0.0, -1.0, 0.0, 0.0, 0.0, 0.0, 1.0],
    "bsdf": "mirror",
    "reflectance": "1_1_1.png"
}, {
    "filename": "Mesh000.gem",
    "world": [1.0, 0.0, 0.0, 0.0, 0.0, 1.0, 0.0, 0.0, 0.0, 0.0, -1.0, 0.0, 0.0, 0.0, 0.0, 1.0],
    "bsdf": "mirror",
    "reflectance": "1_1_1.png"
}]
}