{
    "width": "1280",
    "height": "720",
    "fov": "30.0",
    "from": "1.211 1.80475 3.85239",
    "to": "0.7729000000000001 1.7630797 2.9544300000000003",
    "up": "-0.0182716 0.999131 -0.0374507",
    "instances": [{
    "filename": "Mesh129.gem",
    "world": [1.0, 0.0, 0.0, 0.0, 0.0, 1.0, 0.0, 0.0, 0.0, 0.0, -1.0, 0.0, 0.0, 0.0, 0.0, 1.0],
    "bsdf": "diffuse",
    "reflectance": "0.571765_0.563535_0.559972_1.0.png"
}, {
    "filename": "Mesh165.gem",
    "world": [1.0, 0.0, 0.0, 0.0, 0.0, 1.0, 0.0, 0.0, 0.0, 0.0, -1.0, 0.0, 0.0, 0.0, 0.0, 1.0],
    "bsdf": "mirror",
    "reflectance": "1_1_1.png"
}, {
    "filename": "Mesh263.gem",
    "world": [1.0, 0.0, 0.0, 0.0, 0.0, 1.0, 0.0, 0.0, 0.0, 0.0, -1.0, 0.0, 0.0, 0.0, 0.0, 1.0],
    "bsdf": "conductor",
    "roughness": "0.002434383090073589",
    "extEta": "1",
    "reflectance": "0.578596_0.578596_0.578596_1.0.png",
    "eta": "4.36968 2.9167 1.6547",
    "k": "5.20643 4.23136 3.75495"
}, {
    "filename": "Mesh126.gem",
    "world": [1.0, 0.0, 0.0, 0.0, 0.0, 1.0, 0.0, 0.0, 0.0, 0.0, -1.0, 0.0, 0.0, 0.0, 0.0, 1.0],
    "bsdf": "diffuse",
    "reflectance": "cushion-red.jpg"
}, {
    "filename": "Mesh087.gem",
    "world": [1.0, 0.0, 0.0, 0.0, 0.0, 1.0, 0.0, 0.0, 0.0, 0.0, -1.0, 0.0, 0.0, 0.0, 0.0, 1.0],
    "bsdf": "diffuse",
    "reflectance": "cushion-red.jpg"
}, {
    "filename": "Mesh130.gem",
    "world": [1.0, 0.0, 0.0, 0.0, 0.0, 1.0, 0.0, 0.0, 0.0, 0.0, -1.0, 0.0, 0.0, 0.0, 0.0, 1.0],
    "bsdf": "diffuse",
    "reflectance": "cushion-red.jpg"
}, {
    "filename": "Mesh088.gem",
    "world": [1.0, 0.0, 0.0, 0.0, 0.0, 1.0, 0.0, 0.0, 0.0, 0.0, -1.0, 0.0, 0.0, 0.0, 0.0, 1.0],
    "bsdf": "plastic",
    "roughness": "0.003803723578239983",
    "intIOR": "1.5",
    "extIOR": "1",
    "reflectance": "0.612066_0.612066_0.612066_1.0.png"
}, {
    "filename": "Mesh124.gem",
    "world": [1.0, 0.0, 0.0, 0.0, 0.0, 1.0, 0.0, 0.0, 0.0, 0.0, -1.0, 0.0, 0.0, 0.0, 0.0, 1.0],
    "bsdf": "diffuse",
    "reflectance": "cushion-red.jpg"
}, {
    "filename": "Mesh136.gem",
    "world": [1.0, 0.0, 0.0, 0.0, 0.0, 1.0, 0.0, 0.0, 0.0, 0.0, -1.0, 0.0, 0.0, 0.0, 0.0, 1.0],
    "bsdf": "diffuse",
    "reflectance": "cushion-red.jpg"
}, {
    "filename": "Mesh251.gem",
    "world": [1.0, 0.0, 0.0, 0.0, 0.0, 1.0, 0.0, 0.0, 0.0, 0.0, -1.0, 0.0, 0.0, 0.0, 0.0, 1.0],
    "bsdf": "diffuse",
    "reflectance": "cushion-red.jpg"
}, {
    "filename": "Mesh164.gem",
    "world": [1.0, 0.0, 0.0, 0.0, 0.0, 1.0, 0.0, 0.0, 0.0, 0.0, -1.0, 0.0, 0.0, 0.0, 0.0, 1.0],
    "bsdf": "diffuse",
    "reflectance": "cushion-red.jpg"
}, {
    "filename": "Mesh147.gem",
    "world": [1.0, 0.0, 0.0, 0.0, 0.0, 1.0, 0.0, 0.0, 0.0, 0.0, -1.0, 0.0, 0.0, 0.0, 0.0, 1.0],
    "bsdf": "plastic",
    "roughness": "0.003803723578239983",
    "intIOR": "1.5",
    "extIOR": "1",
    "reflectance": "0.578596_0.578596_0.578596_1.0.png"
}, {
    "filename": "Mesh171.gem",
    "world": [1.0, 0.0, 0.0, 0.0, 0.0, 1.0, 0.0, 0.0, 0.0, 0.0, -1.0, 0.0, 0.0, 0.0, 0.0, 1.0],
    "bsdf": "diffuse",
    "reflectance": "0.571765_0.563535_0.559972_1.0.png"
}, {
    "filename": "Mesh140.gem",
    "world": [1.0, 0.0, 0.0, 0.0, 0.0, 1.0, 0.0, 0.0, 0.0, 0.0, -1.0, 0.0, 0.0, 0.0, 0.0, 1.0],
    "bsdf": "diffuse",
    "reflectance": "Worktopt-light.jpg"
}, {
    "filename": "Mesh122.gem",
    "world": [1.0, 0.0, 0.0, 0.0, 0.0, 1.0, 0.0, 0.0, 0.0, 0.0, -1.0, 0.0, 0.0, 0.0, 0.0, 1.0],
    "bsdf": "glass",
    "reflectance": "1_1_1.png"
}, {
    "filename": "Mesh172.gem",
    "world": [1.0, 0.0, 0.0, 0.0, 0.0, 1.0, 0.0, 0.0, 0.0, 0.0, -1.0, 0.0, 0.0, 0.0, 0.0, 1.0],
    "bsdf": "plastic",
    "roughness": "0.003803723578239983",
    "intIOR": "1.5",
    "extIOR": "1",
    "reflectance": "0.612066_0.612066_0.612066_1.0.png"
}, {
    "filename": "Mesh113.gem",
    "world": [1.0, 0.0, 0.0, 0.0, 0.0, 1.0, 0.0, 0.0, 0.0, 0.0, -1.0, 0.0, 0.0, 0.0, 0.0, 1.0],
    "bsdf": "plastic",
    "roughness": "0.003803723578239983",
    "intIOR": "1.5",
    "extIOR": "1",
    "reflectance": "0.612066_0.612066_0.612066_1.0.png"
}, {
    "filename": "Mesh139.gem",
    "world": [1.0, 0.0, 0.0, 0.0, 0.0, 1.0, 0.0, 0.0, 0.0, 0.0, -1.0, 0.0, 0.0, 0.0, 0.0, 1.0],
    "bsdf": "plastic",
    "roughness": "0.003803723578239983",
    "intIOR": "1.5",
    "extIOR": "1",
    "reflectance": "0.612066_0.612066_0.612066_1.0.png"
}, {
    "filename": "Mesh174.gem",
    "world": [1.0, 0.0, 0.0, 0.0, 0.0, 1.0, 0.0, 0.0, 0.0, 0.0, -1.0, 0.0, 0.0, 0.0, 0.0, 1.0],
    "bsdf": "plastic",
    "roughness": "0.003803723578239983",
    "intIOR": "1.5",
    "extIOR": "1",
    "reflectance": "0.612066_0.612066_0.612066_1.0.png"
}, {
    "filename": "Mesh144.gem",
    "world": [1.0, 0.0, 0.0, 0.0, 0.0, 1.0, 0.0, 0.0, 0.0, 0.0, -1.0, 0.0, 0.0, 0.0, 0.0, 1.0],
    "bsdf": "plastic",
    "roughness": "0.003803723578239983",
    "intIOR": "1.5",
    "extIOR": "1",
    "reflectance": "0.612066_0.612066_0.612066_1.0.png"
}, {
    "filename": "Mesh175.gem",
    "world": [1.0, 0.0, 0.0, 0.0, 0.0, 1.0, 0.0, 0.0, 0.0, 0.0, -1.0, 0.0, 0.0, 0.0, 0.0, 1.0],
    "bsdf": "plastic",
    "roughness": "0.003803723578239983",
    "intIOR": "1.5",
    "extIOR": "1",
    "reflectance": "0.612066_0.612066_0.612066_1.0.png"
}, {
    "filename": "Mesh247.gem",
    "world": [1.0, 0.0, 0.0, 0.0, 0.0, 1.0, 0.0, 0.0, 0.0, 0.0, -1.0, 0.0, 0.0, 0.0, 0.0, 1.0],
    "bsdf": "plastic",
    "roughness": "0.003803723578239983",
    "intIOR": "1.5",
    "extIOR": "1",
    "reflectance": "0.612066_0.612066_0.612066_1.0.png"
}, {
    "filename": "Mesh083.gem",
    "world": [1.0, 0.0, 0.0, 0.0, 0.0, 1.0, 0.0, 0.0, 0.0, 0.0, -1.0, 0.0, 0.0, 0.0, 0.0, 1.0],
    "bsdf": "plastic",
    "roughness": "0.003803723578239983",
    "intIOR": "1.5",
    "extIOR": "1",
    "reflectance": "0.612066_0.612066_0.612066_1.0.png"
}, {
    "filename": "Mesh178.gem",
    "world": [1.0, 0.0, 0.0, 0.0, 0.0, 1.0, 0.0, 0.0, 0.0, 0.0, -1.0, 0.0, 0.0, 0.0, 0.0, 1.0],
    "bsdf": "plastic",
    "roughness": "0.003803723578239983",
    "intIOR": "1.5",
    "extIOR": "1",
    "reflectance": "0.612066_0.612066_0.612066_1.0.png"
}, {
    "filename": "Mesh167.gem",
    "world": [1.0, 0.0, 0.0, 0.0, 0.0, 1.0, 0.0, 0.0, 0.0, 0.0, -1.0, 0.0, 0.0, 0.0, 0.0, 1.0],
    "bsdf": "plastic",
    "roughness": "0.003803723578239983",
    "intIOR": "1.5",
    "extIOR": "1",
    "reflectance": "0.612066_0.612066_0.612066_1.0.png"
}, {
    "filename": "Mesh183.gem",
    "world": [1.0, 0.0, 0.0, 0.0, 0.0, 1.0, 0.0, 0.0, 0.0, 0.0, -1.0, 0.0, 0.0, 0.0, 0.0, 1.0],
    "bsdf": "plastic",
    "roughness": "0.003803723578239983",
    "intIOR": "1.5",
    "extIOR": "1",
    "reflectance": "0.612066_0.612066_0.612066_1.0.png"
}, {
    "filename": "Mesh099.gem",
    "world": [1.0, 0.0, 0.0, 0.0, 0.0, 1.0, 0.0, 0.0, 0.0, 0.0, -1.0, 0.0, 0.0, 0.0, 0.0, 1.0],
    "bsdf": "plastic",
    "roughness": "0.003803723578239983",
    "intIOR": "1.5",
    "extIOR": "1",
    "reflectance": "0.612066_0.612066_0.612066_1.0.png"
}, {
    "filename": "Mesh284.gem",
    "world": [1.0, 0.0, 0.0, 0.0, 0.0, 1.0, 0.0, 0.0, 0.0, 0.0, -1.0, 0.0, 0.0, 0.0, 0.0, 1.0],
    "bsdf": "plastic",
    "roughness": "0.003803723578239983",
    "intIOR": "1.5",
    "extIOR": "1",
    "reflectance": "0.612066_0.612066_0.612066_1.0.png"
}, {
    "filename": "Mesh173.gem",
    "world": [1.0, 0.0, 0.0, 0.0, 0.0, 1.0, 0.0, 0.0, 0.0, 0.0, -1.0, 0.0, 0.0, 0.0, 0.0, 1.0],
    "bsdf": "plastic",
    "roughness": "0.003803723578239983",
    "intIOR": "1.5",
    "extIOR": "1",
    "reflectance": "0.612066_0.612066_0.612066_1.0.png"
}, {
    "filename": "Mesh184.gem",
    "world": [1.0, 0.0, 0.0, 0.0, 0.0, 1.0, 0.0, 0.0, 0.0, 0.0, -1.0, 0.0, 0.0, 0.0, 0.0, 1.0],
    "bsdf": "plastic",
    "roughness": "0.003803723578239983",
    "intIOR": "1.5",
    "extIOR": "1",
    "reflectance": "0.612066_0.612066_0.612066_1.0.png"
}, {
    "filename": "Mesh155.gem",
    "world": [1.0, 0.0, 0.0, 0.0, 0.0, 1.0, 0.0, 0.0, 0.0, 0.0, -1.0, 0.0, 0.0, 0.0, 0.0, 1.0],
    "bsdf": "plastic",
    "roughness": "0.003803723578239983",
    "intIOR": "1.5",
    "extIOR": "1",
    "reflectance": "0.612066_0.612066_0.612066_1.0.png"
}, {
    "filename": "Mesh159.gem",
    "world": [1.0, 0.0, 0.0, 0.0, 0.0, 1.0, 0.0, 0.0, 0.0, 0.0, -1.0, 0.0, 0.0, 0.0, 0.0, 1.0],
    "bsdf": "plastic",
    "roughness": "0.003803723578239983",
    "intIOR": "1.5",
    "extIOR": "1",
    "reflectance": "0.612066_0.612066_0.612066_1.0.png"
}, {
    "filename": "Mesh232.gem",
    "world": [1.0, 0.0, 0.0, 0.0, 0.0, 1.0, 0.0, 0.0, 0.0, 0.0, -1.0, 0.0, 0.0, 0.0, 0.0, 1.0],
    "bsdf": "plastic",
    "roughness": "0.003803723578239983",
    "intIOR": "1.5",
    "extIOR": "1",
    "reflectance": "0.612066_0.612066_0.612066_1.0.png"
}, {
    "filename": "Mesh121.gem",
    "world": [1.0, 0.0, 0.0, 0.0, 0.0, 1.0, 0.0, 0.0, 0.0, 0.0, -1.0, 0.0, 0.0, 0.0, 0.0, 1.0],
    "bsdf": "plastic",
    "roughness": "0.003803723578239983",
    "intIOR": "1.5",
    "extIOR": "1",
    "reflectance": "0.612066_0.612066_0.612066_1.0.png"
}, {
    "filename": "Mesh278.gem",
    "world": [1.0, 0.0, 0.0, 0.0, 0.0, 1.0, 0.0, 0.0, 0.0, 0.0, -1.0, 0.0, 0.0, 0.0, 0.0, 1.0],
    "bsdf": "plastic",
    "roughness": "0.003803723578239983",
    "intIOR": "1.5",
    "extIOR": "1",
    "reflectance": "0.612066_0.612066_0.612066_1.0.png"
}, {
    "filename": "Mesh120.gem",
    "world": [1.0, 0.0, 0.0, 0.0, 0.0, 1.0, 0.0, 0.0, 0.0, 0.0, -1.0, 0.0, 0.0, 0.0, 0.0, 1.0],
    "bsdf": "plastic",
    "roughness": "0.003803723578239983",
    "intIOR": "1.5",
    "extIOR": "1",
    "reflectance": "0.612066_0.612066_0.612066_1.0.png"
}, {
    "filename": "Mesh235.gem",
    "world": [1.0, 0.0, 0.0, 0.0, 0.0, 1.0, 0.0, 0.0, 0.0, 0.0, -1.0, 0.0, 0.0, 0.0, 0.0, 1.0],
    "bsdf": "plastic",
    "roughness": "0.003803723578239983",
    "intIOR": "1.5",
    "extIOR": "1",
    "reflectance": "0.612066_0.612066_0.612066_1.0.png"
}, {
    "filename": "Mesh243.gem",
    "world": [1.0, 0.0, 0.0, 0.0, 0.0, 1.0, 0.0, 0.0, 0.0, 0.0, -1.0, 0.0, 0.0, 0.0, 0.0, 1.0],
    "bsdf": "plastic",
    "roughness": "0.003803723578239983",
    "intIOR": "1.5",
    "extIOR": "1",
    "reflectance": "0.612066_0.612066_0.612066_1.0.png"
}, {
    "filename": "Mesh117.gem",
    "world": [1.0, 0.0, 0.0, 0.0, 0.0, 1.0, 0.0, 0.0, 0.0, 0.0, -1.0, 0.0, 0.0, 0.0, 0.0, 1.0],
    "bsdf": "plastic",
    "roughness": "0.003803723578239983",
    "intIOR": "1.5",
    "extIOR": "1",
    "reflectance": "0.612066_0.612066_0.612066_1.0.png"
}, {
    "filename": "Mesh157.gem",
    "world": [1.0, 0.0, 0.0, 0.0, 0.0, 1.0, 0.0, 0.0, 0.0, 0.0, -1.0, 0.0, 0.0, 0.0, 0.0, 1.0],
    "bsdf": "plastic",
    "roughness": "0.003803723578239983",
    "intIOR": "1.5",
    "extIOR": "1",
    "reflectance": "0.612066_0.612066_0.612066_1.0.png"
}, {
    "filename": "Mesh116.gem",
    "world": [1.0, 0.0, 0.0, 0.0, 0.0, 1.0, 0.0, 0.0, 0.0, 0.0, -1.0, 0.0, 0.0, 0.0, 0.0, 1.0],
    "bsdf": "plastic",
    "roughness": "0.003803723578239983",
    "intIOR": "1.5",
    "extIOR": "1",
    "reflectance": "0.612066_0.612066_0.612066_1.0.png"
}, {
    "filename": "Mesh207.gem",
    "world": [1.0, 0.0, 0.0, 0.0, 0.0, 1.0, 0.0, 0.0, 0.0, 0.0, -1.0, 0.0, 0.0, 0.0, 0.0, 1.0],
    "bsdf": "plastic",
    "roughness": "0.003803723578239983",
    "intIOR": "1.5",
    "extIOR": "1",
    "reflectance": "0.612066_0.612066_0.612066_1.0.png"
}, {
    "filename": "Mesh107.gem",
    "world": [1.0, 0.0, 0.0, 0.0, 0.0, 1.0, 0.0, 0.0, 0.0, 0.0, -1.0, 0.0, 0.0, 0.0, 0.0, 1.0],
    "bsdf": "plastic",
    "roughness": "0.003803723578239983",
    "intIOR": "1.5",
    "extIOR": "1",
    "reflectance": "0.612066_0.612066_0.612066_1.0.png"
}, {
    "filename": "Mesh112.gem",
    "world": [1.0, 0.0, 0.0, 0.0, 0.0, 1.0, 0.0, 0.0, 0.0, 0.0, -1.0, 0.0, 0.0, 0.0, 0.0, 1.0],
    "bsdf": "plastic",
    "roughness": "0.003803723578239983",
    "intIOR": "1.5",
    "extIOR": "1",
    "reflectance": "0.612066_0.612066_0.612066_1.0.png"
}, {
    "filename": "Mesh287.gem",
    "world": [1.0, 0.0, 0.0, 0.0, 0.0, 1.0, 0.0, 0.0, 0.0, 0.0, -1.0, 0.0, 0.0, 0.0, 0.0, 1.0],
    "bsdf": "plastic",
    "roughness": "0.003803723578239983",
    "intIOR": "1.5",
    "extIOR": "1",
    "reflectance": "0.612066_0.612066_0.612066_1.0.png"
}, {
    "filename": "Mesh105.gem",
    "world": [1.0, 0.0, 0.0, 0.0, 0.0, 1.0, 0.0, 0.0, 0.0, 0.0, -1.0, 0.0, 0.0, 0.0, 0.0, 1.0],
    "bsdf": "plastic",
    "roughness": "0.003803723578239983",
    "intIOR": "1.5",
    "extIOR": "1",
    "reflectance": "0.612066_0.612066_0.612066_1.0.png"
}, {
    "filename": "Mesh103.gem",
    "world": [1.0, 0.0, 0.0, 0.0, 0.0, 1.0, 0.0, 0.0, 0.0, 0.0, -1.0, 0.0, 0.0, 0.0, 0.0, 1.0],
    "bsdf": "plastic",
    "roughness": "0.003803723578239983",
    "intIOR": "1.5",
    "extIOR": "1",
    "reflectance": "0.612066_0.612066_0.612066_1.0.png"
}, {
    "filename": "Mesh102.gem",
    "world": [1.0, 0.0, 0.0, 0.0, 0.0, 1.0, 0.0, 0.0, 0.0, 0.0, -1.0, 0.0, 0.0, 0.0, 0.0, 1.0],
    "bsdf": "plastic",
    "roughness": "0.003803723578239983",
    "intIOR": "1.5",
    "extIOR": "1",
    "reflectance": "0.612066_0.612066_0.612066_1.0.png"
}, {
    "filename": "Mesh100.gem",
    "world": [1.0, 0.0, 0.0, 0.0, 0.0, 1.0, 0.0, 0.0, 0.0, 0.0, -1.0, 0.0, 0.0, 0.0, 0.0, 1.0],
    "bsdf": "plastic",
    "roughness": "0.003803723578239983",
    "intIOR": "1.5",
    "extIOR": "1",
    "reflectance": "0.612066_0.612066_0.612066_1.0.png"
}, {
    "filename": "Mesh095.gem",
    "world": [1.0, 0.0, 0.0, 0.0, 0.0, 1.0, 0.0, 0.0, 0.0, 0.0, -1.0, 0.0, 0.0, 0.0, 0.0, 1.0],
    "bsdf": "plastic",
    "roughness": "0.003803723578239983",
    "intIOR": "1.5",
    "extIOR": "1",
    "reflectance": "0.612066_0.612066_0.612066_1.0.png"
}, {
    "filename": "Mesh098.gem",
    "world": [1.0, 0.0, 0.0, 0.0, 0.0, 1.0, 0.0, 0.0, 0.0, 0.0, -1.0, 0.0, 0.0, 0.0, 0.0, 1.0],
    "bsdf": "plastic",
    "roughness": "0.003803723578239983",
    "intIOR": "1.5",
    "extIOR": "1",
    "reflectance": "0.612066_0.612066_0.612066_1.0.png"
}, {
    "filename": "Mesh259.gem",
    "world": [1.0, 0.0, 0.0, 0.0, 0.0, 1.0, 0.0, 0.0, 0.0, 0.0, -1.0, 0.0, 0.0, 0.0, 0.0, 1.0],
    "bsdf": "plastic",
    "roughness": "0.003803723578239983",
    "intIOR": "1.5",
    "extIOR": "1",
    "reflectance": "0.612066_0.612066_0.612066_1.0.png"
}, {
    "filename": "Mesh143.gem",
    "world": [1.0, 0.0, 0.0, 0.0, 0.0, 1.0, 0.0, 0.0, 0.0, 0.0, -1.0, 0.0, 0.0, 0.0, 0.0, 1.0],
    "bsdf": "plastic",
    "roughness": "0.003803723578239983",
    "intIOR": "1.5",
    "extIOR": "1",
    "reflectance": "0.612066_0.612066_0.612066_1.0.png"
}, {
    "filename": "Mesh255.gem",
    "world": [1.0, 0.0, 0.0, 0.0, 0.0, 1.0, 0.0, 0.0, 0.0, 0.0, -1.0, 0.0, 0.0, 0.0, 0.0, 1.0],
    "bsdf": "plastic",
    "roughness": "0.003803723578239983",
    "intIOR": "1.5",
    "extIOR": "1",
    "reflectance": "0.612066_0.612066_0.612066_1.0.png"
}, {
    "filename": "Mesh128.gem",
    "world": [1.0, 0.0, 0.0, 0.0, 0.0, 1.0, 0.0, 0.0, 0.0, 0.0, -1.0, 0.0, 0.0, 0.0, 0.0, 1.0],
    "bsdf": "plastic",
    "roughness": "0.003803723578239983",
    "intIOR": "1.5",
    "extIOR": "1",
    "reflectance": "0.612066_0.612066_0.612066_1.0.png"
}, {
    "filename": "Mesh150.gem",
    "world": [1.0, 0.0, 0.0, 0.0, 0.0, 1.0, 0.0, 0.0, 0.0, 0.0, -1.0, 0.0, 0.0, 0.0, 0.0, 1.0],
    "bsdf": "plastic",
    "roughness": "0.003803723578239983",
    "intIOR": "1.5",
    "extIOR": "1",
    "reflectance": "0.612066_0.612066_0.612066_1.0.png"
}, {
    "filename": "Mesh200.gem",
    "world": [1.0, 0.0, 0.0, 0.0, 0.0, 1.0, 0.0, 0.0, 0.0, 0.0, -1.0, 0.0, 0.0, 0.0, 0.0, 1.0],
    "bsdf": "plastic",
    "roughness": "0.003803723578239983",
    "intIOR": "1.5",
    "extIOR": "1",
    "reflectance": "0.612066_0.612066_0.612066_1.0.png"
}, {
    "filename": "Mesh085.gem",
    "world": [1.0, 0.0, 0.0, 0.0, 0.0, 1.0, 0.0, 0.0, 0.0, 0.0, -1.0, 0.0, 0.0, 0.0, 0.0, 1.0],
    "bsdf": "plastic",
    "roughness": "0.003803723578239983",
    "intIOR": "1.5",
    "extIOR": "1",
    "reflectance": "0.612066_0.612066_0.612066_1.0.png"
}, {
    "filename": "Mesh114.gem",
    "world": [1.0, 0.0, 0.0, 0.0, 0.0, 1.0, 0.0, 0.0, 0.0, 0.0, -1.0, 0.0, 0.0, 0.0, 0.0, 1.0],
    "bsdf": "plastic",
    "roughness": "0.003803723578239983",
    "intIOR": "1.5",
    "extIOR": "1",
    "reflectance": "0.612066_0.612066_0.612066_1.0.png"
}, {
    "filename": "Mesh182.gem",
    "world": [1.0, 0.0, 0.0, 0.0, 0.0, 1.0, 0.0, 0.0, 0.0, 0.0, -1.0, 0.0, 0.0, 0.0, 0.0, 1.0],
    "bsdf": "plastic",
    "roughness": "0.003803723578239983",
    "intIOR": "1.5",
    "extIOR": "1",
    "reflectance": "0.612066_0.612066_0.612066_1.0.png"
}, {
    "filename": "Mesh082.gem",
    "world": [1.0, 0.0, 0.0, 0.0, 0.0, 1.0, 0.0, 0.0, 0.0, 0.0, -1.0, 0.0, 0.0, 0.0, 0.0, 1.0],
    "bsdf": "plastic",
    "roughness": "0.003803723578239983",
    "intIOR": "1.5",
    "extIOR": "1",
    "reflectance": "0.612066_0.612066_0.612066_1.0.png"
}, {
    "filename": "Mesh106.gem",
    "world": [1.0, 0.0, 0.0, 0.0, 0.0, 1.0, 0.0, 0.0, 0.0, 0.0, -1.0, 0.0, 0.0, 0.0, 0.0, 1.0],
    "bsdf": "plastic",
    "roughness": "0.003803723578239983",
    "intIOR": "1.5",
    "extIOR": "1",
    "reflectance": "0.612066_0.612066_0.612066_1.0.png"
}, {
    "filename": "Mesh132.gem",
    "world": [1.0, 0.0, 0.0, 0.0, 0.0, 1.0, 0.0, 0.0, 0.0, 0.0, -1.0, 0.0, 0.0, 0.0, 0.0, 1.0],
    "bsdf": "plastic",
    "roughness": "0.003803723578239983",
    "intIOR": "1.5",
    "extIOR": "1",
    "reflectance": "0.612066_0.612066_0.612066_1.0.png"
}, {
    "filename": "Mesh166.gem",
    "world": [1.0, 0.0, 0.0, 0.0, 0.0, 1.0, 0.0, 0.0, 0.0, 0.0, -1.0, 0.0, 0.0, 0.0, 0.0, 1.0],
    "bsdf": "plastic",
    "roughness": "0.00023773272363999894",
    "intIOR": "1.5",
    "extIOR": "1",
    "reflectance": "Tabletop-light.jpg"
}, {
    "filename": "Mesh161.gem",
    "world": [1.0, 0.0, 0.0, 0.0, 0.0, 1.0, 0.0, 0.0, 0.0, 0.0, -1.0, 0.0, 0.0, 0.0, 0.0, 1.0],
    "bsdf": "plastic",
    "roughness": "0.003803723578239983",
    "intIOR": "1.5",
    "extIOR": "1",
    "reflectance": "Tabletop-light.jpg"
}, {
    "filename": "Mesh137.gem",
    "world": [1.0, 0.0, 0.0, 0.0, 0.0, 1.0, 0.0, 0.0, 0.0, 0.0, -1.0, 0.0, 0.0, 0.0, 0.0, 1.0],
    "bsdf": "conductor",
    "roughness": "0.002434383090073589",
    "extEta": "1",
    "reflectance": "0.578596_0.578596_0.578596_1.0.png",
    "eta": "4.36968 2.9167 1.6547",
    "k": "5.20643 4.23136 3.75495"
}, {
    "filename": "Mesh145.gem",
    "world": [1.0, 0.0, 0.0, 0.0, 0.0, 1.0, 0.0, 0.0, 0.0, 0.0, -1.0, 0.0, 0.0, 0.0, 0.0, 1.0],
    "bsdf": "diffuse",
    "reflectance": "0.394083_0.325037_0.263175_1.0.png"
}, {
    "filename": "Mesh133.gem",
    "world": [1.0, 0.0, 0.0, 0.0, 0.0, 1.0, 0.0, 0.0, 0.0, 0.0, -1.0, 0.0, 0.0, 0.0, 0.0, 1.0],
    "bsdf": "diffuse",
    "reflectance": "0.547857_0.547857_0.547857_1.0.png"
}, {
    "filename": "Mesh074.gem",
    "world": [1.0, 0.0, 0.0, 0.0, 0.0, 1.0, 0.0, 0.0, 0.0, 0.0, -1.0, 0.0, 0.0, 0.0, 0.0, 1.0],
    "bsdf": "conductor",
    "roughness": "0.0021395945127599897",
    "extEta": "1",
    "reflectance": "0.510193_0.510193_0.510193_1.0.png",
    "eta": "4.36968 2.9167 1.6547",
    "k": "5.20643 4.23136 3.75495"
}, {
    "filename": "Mesh068.gem",
    "world": [1.0, 0.0, 0.0, 0.0, 0.0, 1.0, 0.0, 0.0, 0.0, 0.0, -1.0, 0.0, 0.0, 0.0, 0.0, 1.0],
    "bsdf": "diffuse",
    "reflectance": "0.547857_0.547857_0.547857_1.0.png"
}, {
    "filename": "Mesh125.gem",
    "world": [1.0, 0.0, 0.0, 0.0, 0.0, 1.0, 0.0, 0.0, 0.0, 0.0, -1.0, 0.0, 0.0, 0.0, 0.0, 1.0],
    "bsdf": "diffuse",
    "reflectance": "0.547857_0.547857_0.547857_1.0.png"
}, {
    "filename": "Mesh079.gem",
    "world": [1.0, 0.0, 0.0, 0.0, 0.0, 1.0, 0.0, 0.0, 0.0, 0.0, -1.0, 0.0, 0.0, 0.0, 0.0, 1.0],
    "bsdf": "diffuse",
    "reflectance": "0.547857_0.547857_0.547857_1.0.png"
}, {
    "filename": "Mesh169.gem",
    "world": [1.0, 0.0, 0.0, 0.0, 0.0, 1.0, 0.0, 0.0, 0.0, 0.0, -1.0, 0.0, 0.0, 0.0, 0.0, 1.0],
    "bsdf": "conductor",
    "roughness": "0.0021395945127599897",
    "extEta": "1",
    "reflectance": "0.510193_0.510193_0.510193_1.0.png",
    "eta": "4.36968 2.9167 1.6547",
    "k": "5.20643 4.23136 3.75495"
}, {
    "filename": "Mesh093.gem",
    "world": [1.0, 0.0, 0.0, 0.0, 0.0, 1.0, 0.0, 0.0, 0.0, 0.0, -1.0, 0.0, 0.0, 0.0, 0.0, 1.0],
    "bsdf": "diffuse",
    "reflectance": "0.547857_0.547857_0.547857_1.0.png"
}, {
    "filename": "Mesh097.gem",
    "world": [1.0, 0.0, 0.0, 0.0, 0.0, 1.0, 0.0, 0.0, 0.0, 0.0, -1.0, 0.0, 0.0, 0.0, 0.0, 1.0],
    "bsdf": "diffuse",
    "reflectance": "0.547857_0.547857_0.547857_1.0.png"
}, {
    "filename": "Mesh181.gem",
    "world": [1.0, 0.0, 0.0, 0.0, 0.0, 1.0, 0.0, 0.0, 0.0, 0.0, -1.0, 0.0, 0.0, 0.0, 0.0, 1.0],
    "bsdf": "diffuse",
    "reflectance": "0.547857_0.547857_0.547857_1.0.png"
}, {
    "filename": "Mesh260.gem",
    "world": [1.0, 0.0, 0.0, 0.0, 0.0, 1.0, 0.0, 0.0, 0.0, 0.0, -1.0, 0.0, 0.0, 0.0, 0.0, 1.0],
    "bsdf": "diffuse",
    "reflectance": "0.547857_0.547857_0.547857_1.0.png"
}, {
    "filename": "Mesh274.gem",
    "world": [1.0, 0.0, 0.0, 0.0, 0.0, 1.0, 0.0, 0.0, 0.0, 0.0, -1.0, 0.0, 0.0, 0.0, 0.0, 1.0],
    "bsdf": "conductor",
    "roughness": "0.0021395945127599897",
    "extEta": "1",
    "reflectance": "0.510193_0.510193_0.510193_1.0.png",
    "eta": "4.36968 2.9167 1.6547",
    "k": "5.20643 4.23136 3.75495"
}, {
    "filename": "Mesh066.gem",
    "world": [1.0, 0.0, 0.0, 0.0, 0.0, 1.0, 0.0, 0.0, 0.0, 0.0, -1.0, 0.0, 0.0, 0.0, 0.0, 1.0],
    "bsdf": "conductor",
    "roughness": "0.0021395945127599897",
    "extEta": "1",
    "reflectance": "0.510193_0.510193_0.510193_1.0.png",
    "eta": "4.36968 2.9167 1.6547",
    "k": "5.20643 4.23136 3.75495"
}, {
    "filename": "Mesh141.gem",
    "world": [1.0, 0.0, 0.0, 0.0, 0.0, 1.0, 0.0, 0.0, 0.0, 0.0, -1.0, 0.0, 0.0, 0.0, 0.0, 1.0],
    "bsdf": "diffuse",
    "reflectance": "0.547857_0.547857_0.547857_1.0.png"
}, {
    "filename": "Mesh238.gem",
    "world": [1.0, 0.0, 0.0, 0.0, 0.0, 1.0, 0.0, 0.0, 0.0, 0.0, -1.0, 0.0, 0.0, 0.0, 0.0, 1.0],
    "bsdf": "plastic",
    "roughness": "0.0001521489431295993",
    "intIOR": "1.5",
    "extIOR": "1",
    "reflectance": "0.001373_0.001373_0.001373_1.0.png"
}, {
    "filename": "Mesh076.gem",
    "world": [1.0, 0.0, 0.0, 0.0, 0.0, 1.0, 0.0, 0.0, 0.0, 0.0, -1.0, 0.0, 0.0, 0.0, 0.0, 1.0],
    "bsdf": "conductor",
    "roughness": "0.0021395945127599897",
    "extEta": "1",
    "reflectance": "0.510193_0.510193_0.510193_1.0.png",
    "eta": "4.36968 2.9167 1.6547",
    "k": "5.20643 4.23136 3.75495"
}, {
    "filename": "Mesh177.gem",
    "world": [1.0, 0.0, 0.0, 0.0, 0.0, 1.0, 0.0, 0.0, 0.0, 0.0, -1.0, 0.0, 0.0, 0.0, 0.0, 1.0],
    "bsdf": "plastic",
    "roughness": "0.002434383090073589",
    "intIOR": "1.5",
    "extIOR": "1",
    "reflectance": "0.015396_0.015396_0.015396_1.0.png"
}, {
    "filename": "Mesh185.gem",
    "world": [1.0, 0.0, 0.0, 0.0, 0.0, 1.0, 0.0, 0.0, 0.0, 0.0, -1.0, 0.0, 0.0, 0.0, 0.0, 1.0],
    "bsdf": "conductor",
    "roughness": "0.003803723578239983",
    "extEta": "1",
    "reflectance": "1_1_1_1.0.png",
    "eta": "4.36968 2.9167 1.6547",
    "k": "5.20643 4.23136 3.75495"
}, {
    "filename": "Mesh186.gem",
    "world": [1.0, 0.0, 0.0, 0.0, 0.0, 1.0, 0.0, 0.0, 0.0, 0.0, -1.0, 0.0, 0.0, 0.0, 0.0, 1.0],
    "bsdf": "conductor",
    "roughness": "0.003803723578239983",
    "extEta": "1",
    "reflectance": "1_1_1_1.0.png",
    "eta": "4.36968 2.9167 1.6547",
    "k": "5.20643 4.23136 3.75495"
}, {
    "filename": "Mesh188.gem",
    "world": [1.0, 0.0, 0.0, 0.0, 0.0, 1.0, 0.0, 0.0, 0.0, 0.0, -1.0, 0.0, 0.0, 0.0, 0.0, 1.0],
    "bsdf": "plastic",
    "roughness": "0.002434383090073589",
    "intIOR": "1.5",
    "extIOR": "1",
    "reflectance": "0.015396_0.015396_0.015396_1.0.png"
}, {
    "filename": "Mesh189.gem",
    "world": [1.0, 0.0, 0.0, 0.0, 0.0, 1.0, 0.0, 0.0, 0.0, 0.0, -1.0, 0.0, 0.0, 0.0, 0.0, 1.0],
    "bsdf": "conductor",
    "roughness": "0.003803723578239983",
    "extEta": "1",
    "reflectance": "1_1_1_1.0.png",
    "eta": "4.36968 2.9167 1.6547",
    "k": "5.20643 4.23136 3.75495"
}, {
    "filename": "Mesh115.gem",
    "world": [1.0, 0.0, 0.0, 0.0, 0.0, 1.0, 0.0, 0.0, 0.0, 0.0, -1.0, 0.0, 0.0, 0.0, 0.0, 1.0],
    "bsdf": "plastic",
    "roughness": "0.002434383090073589",
    "intIOR": "1.5",
    "extIOR": "1",
    "reflectance": "0.015396_0.015396_0.015396_1.0.png"
}, {
    "filename": "Mesh162.gem",
    "world": [1.0, 0.0, 0.0, 0.0, 0.0, 1.0, 0.0, 0.0, 0.0, 0.0, -1.0, 0.0, 0.0, 0.0, 0.0, 1.0],
    "bsdf": "plastic",
    "roughness": "0.0009509308945599957",
    "intIOR": "1.5",
    "extIOR": "1",
    "reflectance": "Kitchen-book-leftpage.jpg"
}, {
    "filename": "Mesh134.gem",
    "world": [1.0, 0.0, 0.0, 0.0, 0.0, 1.0, 0.0, 0.0, 0.0, 0.0, -1.0, 0.0, 0.0, 0.0, 0.0, 1.0],
    "bsdf": "diffuse",
    "reflectance": "Worktopt-light.jpg"
}, {
    "filename": "Mesh192.gem",
    "world": [1.0, 0.0, 0.0, 0.0, 0.0, 1.0, 0.0, 0.0, 0.0, 0.0, -1.0, 0.0, 0.0, 0.0, 0.0, 1.0],
    "bsdf": "conductor",
    "roughness": "0.003803723578239983",
    "extEta": "1",
    "reflectance": "1_1_1_1.0.png",
    "eta": "4.36968 2.9167 1.6547",
    "k": "5.20643 4.23136 3.75495"
}, {
    "filename": "Mesh131.gem",
    "world": [1.0, 0.0, 0.0, 0.0, 0.0, 1.0, 0.0, 0.0, 0.0, 0.0, -1.0, 0.0, 0.0, 0.0, 0.0, 1.0],
    "bsdf": "diffuse",
    "reflectance": "Worktopt-light.jpg"
}, {
    "filename": "Mesh077.gem",
    "world": [1.0, 0.0, 0.0, 0.0, 0.0, 1.0, 0.0, 0.0, 0.0, 0.0, -1.0, 0.0, 0.0, 0.0, 0.0, 1.0],
    "bsdf": "diffuse",
    "reflectance": "Worktopt-light.jpg"
}, {
    "filename": "Mesh229.gem",
    "world": [1.0, 0.0, 0.0, 0.0, 0.0, 1.0, 0.0, 0.0, 0.0, 0.0, -1.0, 0.0, 0.0, 0.0, 0.0, 1.0],
    "bsdf": "diffuse",
    "reflectance": "Worktopt-light.jpg"
}, {
    "filename": "Mesh281.gem",
    "world": [1.0, 0.0, 0.0, 0.0, 0.0, 1.0, 0.0, 0.0, 0.0, 0.0, -1.0, 0.0, 0.0, 0.0, 0.0, 1.0],
    "bsdf": "plastic",
    "roughness": "0.003803723578239983",
    "intIOR": "1.5",
    "extIOR": "1",
    "reflectance": "0.00631_0.00631_0.00631_1.0.png"
}, {
    "filename": "Mesh194.gem",
    "world": [1.0, 0.0, 0.0, 0.0, 0.0, 1.0, 0.0, 0.0, 0.0, 0.0, -1.0, 0.0, 0.0, 0.0, 0.0, 1.0],
    "bsdf": "conductor",
    "roughness": "0.003803723578239983",
    "extEta": "1",
    "reflectance": "0.578596_0.578596_0.578596_1.0.png",
    "eta": "1.65746 0.880369 0.521229",
    "k": "9.22387 6.26952 4.837"
}, {
    "filename": "Mesh195.gem",
    "world": [1.0, 0.0, 0.0, 0.0, 0.0, 1.0, 0.0, 0.0, 0.0, 0.0, -1.0, 0.0, 0.0, 0.0, 0.0, 1.0],
    "bsdf": "diffuse",
    "reflectance": "Kitchen-mushroom-texture.png"
}, {
    "filename": "Mesh104.gem",
    "world": [1.0, 0.0, 0.0, 0.0, 0.0, 1.0, 0.0, 0.0, 0.0, 0.0, -1.0, 0.0, 0.0, 0.0, 0.0, 1.0],
    "bsdf": "diffuse",
    "reflectance": "Kitchen-mushroom-texture.png"
}, {
    "filename": "Mesh196.gem",
    "world": [1.0, 0.0, 0.0, 0.0, 0.0, 1.0, 0.0, 0.0, 0.0, 0.0, -1.0, 0.0, 0.0, 0.0, 0.0, 1.0],
    "bsdf": "diffuse",
    "reflectance": "Kitchen-mushroom-texture.png"
}, {
    "filename": "Mesh197.gem",
    "world": [1.0, 0.0, 0.0, 0.0, 0.0, 1.0, 0.0, 0.0, 0.0, 0.0, -1.0, 0.0, 0.0, 0.0, 0.0, 1.0],
    "bsdf": "diffuse",
    "reflectance": "Kitchen-mushroom-texture.png"
}, {
    "filename": "Mesh256.gem",
    "world": [1.0, 0.0, 0.0, 0.0, 0.0, 1.0, 0.0, 0.0, 0.0, 0.0, -1.0, 0.0, 0.0, 0.0, 0.0, 1.0],
    "bsdf": "diffuse",
    "reflectance": "Kitchen-mushroom-texture.png"
}, {
    "filename": "Mesh081.gem",
    "world": [1.0, 0.0, 0.0, 0.0, 0.0, 1.0, 0.0, 0.0, 0.0, 0.0, -1.0, 0.0, 0.0, 0.0, 0.0, 1.0],
    "bsdf": "diffuse",
    "reflectance": "Kitchen-mushroom-texture.png"
}, {
    "filename": "Mesh209.gem",
    "world": [1.0, 0.0, 0.0, 0.0, 0.0, 1.0, 0.0, 0.0, 0.0, 0.0, -1.0, 0.0, 0.0, 0.0, 0.0, 1.0],
    "bsdf": "diffuse",
    "reflectance": "Kitchen-mushroom-texture.png"
}, {
    "filename": "Mesh210.gem",
    "world": [1.0, 0.0, 0.0, 0.0, 0.0, 1.0, 0.0, 0.0, 0.0, 0.0, -1.0, 0.0, 0.0, 0.0, 0.0, 1.0],
    "bsdf": "diffuse",
    "reflectance": "Kitchen-mushroom-texture.png"
}, {
    "filename": "Mesh211.gem",
    "world": [1.0, 0.0, 0.0, 0.0, 0.0, 1.0, 0.0, 0.0, 0.0, 0.0, -1.0, 0.0, 0.0, 0.0, 0.0, 1.0],
    "bsdf": "diffuse",
    "reflectance": "Kitchen-carrot-uv.png"
}, {
    "filename": "Mesh213.gem",
    "world": [1.0, 0.0, 0.0, 0.0, 0.0, 1.0, 0.0, 0.0, 0.0, 0.0, -1.0, 0.0, 0.0, 0.0, 0.0, 1.0],
    "bsdf": "diffuse",
    "reflectance": "Kitchen-carrot-uv.png"
}, {
    "filename": "Mesh216.gem",
    "world": [1.0, 0.0, 0.0, 0.0, 0.0, 1.0, 0.0, 0.0, 0.0, 0.0, -1.0, 0.0, 0.0, 0.0, 0.0, 1.0],
    "bsdf": "diffuse",
    "reflectance": "Kitchen-carrot-uv.png"
}, {
    "filename": "Mesh146.gem",
    "world": [1.0, 0.0, 0.0, 0.0, 0.0, 1.0, 0.0, 0.0, 0.0, 0.0, -1.0, 0.0, 0.0, 0.0, 0.0, 1.0],
    "bsdf": "diffuse",
    "reflectance": "Kitchen-carrot-uv.png"
}, {
    "filename": "Mesh219.gem",
    "world": [1.0, 0.0, 0.0, 0.0, 0.0, 1.0, 0.0, 0.0, 0.0, 0.0, -1.0, 0.0, 0.0, 0.0, 0.0, 1.0],
    "bsdf": "plastic",
    "roughness": "0.003803723578239983",
    "intIOR": "1.5",
    "extIOR": "1",
    "reflectance": "0.612066_0.612066_0.612066_1.0.png"
}, {
    "filename": "Mesh220.gem",
    "world": [1.0, 0.0, 0.0, 0.0, 0.0, 1.0, 0.0, 0.0, 0.0, 0.0, -1.0, 0.0, 0.0, 0.0, 0.0, 1.0],
    "bsdf": "plastic",
    "roughness": "0.003803723578239983",
    "intIOR": "1.5",
    "extIOR": "1",
    "reflectance": "0.612066_0.612066_0.612066_1.0.png"
}, {
    "filename": "Mesh221.gem",
    "world": [1.0, 0.0, 0.0, 0.0, 0.0, 1.0, 0.0, 0.0, 0.0, 0.0, -1.0, 0.0, 0.0, 0.0, 0.0, 1.0],
    "bsdf": "plastic",
    "roughness": "0.003803723578239983",
    "intIOR": "1.5",
    "extIOR": "1",
    "reflectance": "0.612066_0.612066_0.612066_1.0.png"
}, {
    "filename": "Mesh268.gem",
    "world": [1.0, 0.0, 0.0, 0.0, 0.0, 1.0, 0.0, 0.0, 0.0, 0.0, -1.0, 0.0, 0.0, 0.0, 0.0, 1.0],
    "bsdf": "plastic",
    "roughness": "0.003803723578239983",
    "intIOR": "1.5",
    "extIOR": "1",
    "reflectance": "0.612066_0.612066_0.612066_1.0.png"
}, {
    "filename": "Mesh223.gem",
    "world": [1.0, 0.0, 0.0, 0.0, 0.0, 1.0, 0.0, 0.0, 0.0, 0.0, -1.0, 0.0, 0.0, 0.0, 0.0, 1.0],
    "bsdf": "plastic",
    "roughness": "0.003803723578239983",
    "intIOR": "1.5",
    "extIOR": "1",
    "reflectance": "0.612066_0.612066_0.612066_1.0.png"
}, {
    "filename": "Mesh227.gem",
    "world": [1.0, 0.0, 0.0, 0.0, 0.0, 1.0, 0.0, 0.0, 0.0, 0.0, -1.0, 0.0, 0.0, 0.0, 0.0, 1.0],
    "bsdf": "plastic",
    "roughness": "0.003803723578239983",
    "intIOR": "1.5",
    "extIOR": "1",
    "reflectance": "0.612066_0.612066_0.612066_1.0.png"
}, {
    "filename": "Mesh199.gem",
    "world": [1.0, 0.0, 0.0, 0.0, 0.0, 1.0, 0.0, 0.0, 0.0, 0.0, -1.0, 0.0, 0.0, 0.0, 0.0, 1.0],
    "bsdf": "plastic",
    "roughness": "0.003803723578239983",
    "intIOR": "1.5",
    "extIOR": "1",
    "reflectance": "0.612066_0.612066_0.612066_1.0.png"
}, {
    "filename": "Mesh271.gem",
    "world": [1.0, 0.0, 0.0, 0.0, 0.0, 1.0, 0.0, 0.0, 0.0, 0.0, -1.0, 0.0, 0.0, 0.0, 0.0, 1.0],
    "bsdf": "plastic",
    "roughness": "0.003803723578239983",
    "intIOR": "1.5",
    "extIOR": "1",
    "reflectance": "0.612066_0.612066_0.612066_1.0.png"
}, {
    "filename": "Mesh233.gem",
    "world": [1.0, 0.0, 0.0, 0.0, 0.0, 1.0, 0.0, 0.0, 0.0, 0.0, -1.0, 0.0, 0.0, 0.0, 0.0, 1.0],
    "bsdf": "plastic",
    "roughness": "0.003803723578239983",
    "intIOR": "1.5",
    "extIOR": "1",
    "reflectance": "0.612066_0.612066_0.612066_1.0.png"
}, {
    "filename": "Mesh202.gem",
    "world": [1.0, 0.0, 0.0, 0.0, 0.0, 1.0, 0.0, 0.0, 0.0, 0.0, -1.0, 0.0, 0.0, 0.0, 0.0, 1.0],
    "bsdf": "plastic",
    "roughness": "0.003803723578239983",
    "intIOR": "1.5",
    "extIOR": "1",
    "reflectance": "0.612066_0.612066_0.612066_1.0.png"
}, {
    "filename": "Mesh230.gem",
    "world": [1.0, 0.0, 0.0, 0.0, 0.0, 1.0, 0.0, 0.0, 0.0, 0.0, -1.0, 0.0, 0.0, 0.0, 0.0, 1.0],
    "bsdf": "plastic",
    "roughness": "0.003803723578239983",
    "intIOR": "1.5",
    "extIOR": "1",
    "reflectance": "0.612066_0.612066_0.612066_1.0.png"
}, {
    "filename": "Mesh240.gem",
    "world": [1.0, 0.0, 0.0, 0.0, 0.0, 1.0, 0.0, 0.0, 0.0, 0.0, -1.0, 0.0, 0.0, 0.0, 0.0, 1.0],
    "bsdf": "plastic",
    "roughness": "0.003803723578239983",
    "intIOR": "1.5",
    "extIOR": "1",
    "reflectance": "0.612066_0.612066_0.612066_1.0.png"
}, {
    "filename": "Mesh176.gem",
    "world": [1.0, 0.0, 0.0, 0.0, 0.0, 1.0, 0.0, 0.0, 0.0, 0.0, -1.0, 0.0, 0.0, 0.0, 0.0, 1.0],
    "bsdf": "plastic",
    "roughness": "0.003803723578239983",
    "intIOR": "1.5",
    "extIOR": "1",
    "reflectance": "0.612066_0.612066_0.612066_1.0.png"
}, {
    "filename": "Mesh234.gem",
    "world": [1.0, 0.0, 0.0, 0.0, 0.0, 1.0, 0.0, 0.0, 0.0, 0.0, -1.0, 0.0, 0.0, 0.0, 0.0, 1.0],
    "bsdf": "plastic",
    "roughness": "0.003803723578239983",
    "intIOR": "1.5",
    "extIOR": "1",
    "reflectance": "0.612066_0.612066_0.612066_1.0.png"
}, {
    "filename": "Mesh142.gem",
    "world": [1.0, 0.0, 0.0, 0.0, 0.0, 1.0, 0.0, 0.0, 0.0, 0.0, -1.0, 0.0, 0.0, 0.0, 0.0, 1.0],
    "bsdf": "plastic",
    "roughness": "0.003803723578239983",
    "intIOR": "1.5",
    "extIOR": "1",
    "reflectance": "0.612066_0.612066_0.612066_1.0.png"
}, {
    "filename": "Mesh069.gem",
    "world": [1.0, 0.0, 0.0, 0.0, 0.0, 1.0, 0.0, 0.0, 0.0, 0.0, -1.0, 0.0, 0.0, 0.0, 0.0, 1.0],
    "bsdf": "plastic",
    "roughness": "0.003803723578239983",
    "intIOR": "1.5",
    "extIOR": "1",
    "reflectance": "Worktopt-light.jpg"
}, {
    "filename": "Mesh236.gem",
    "world": [1.0, 0.0, 0.0, 0.0, 0.0, 1.0, 0.0, 0.0, 0.0, 0.0, -1.0, 0.0, 0.0, 0.0, 0.0, 1.0],
    "bsdf": "plastic",
    "roughness": "0.003803723578239983",
    "intIOR": "1.5",
    "extIOR": "1",
    "reflectance": "Worktopt-light.jpg"
}, {
    "filename": "Mesh135.gem",
    "world": [1.0, 0.0, 0.0, 0.0, 0.0, 1.0, 0.0, 0.0, 0.0, 0.0, -1.0, 0.0, 0.0, 0.0, 0.0, 1.0],
    "bsdf": "plastic",
    "roughness": "0.003803723578239983",
    "intIOR": "1.5",
    "extIOR": "1",
    "reflectance": "wood.jpg"
}, {
    "filename": "Mesh153.gem",
    "world": [1.0, 0.0, 0.0, 0.0, 0.0, 1.0, 0.0, 0.0, 0.0, 0.0, -1.0, 0.0, 0.0, 0.0, 0.0, 1.0],
    "bsdf": "diffuse",
    "reflectance": "0.612066_0.612066_0.612066_1.0.png"
}, {
    "filename": "Mesh239.gem",
    "world": [1.0, 0.0, 0.0, 0.0, 0.0, 1.0, 0.0, 0.0, 0.0, 0.0, -1.0, 0.0, 0.0, 0.0, 0.0, 1.0],
    "bsdf": "diffuse",
    "reflectance": "1_1_1_1.0.png"
}, {
    "filename": "Mesh242.gem",
    "world": [1.0, 0.0, 0.0, 0.0, 0.0, 1.0, 0.0, 0.0, 0.0, 0.0, -1.0, 0.0, 0.0, 0.0, 0.0, 1.0],
    "bsdf": "plastic",
    "roughness": "0.003803723578239983",
    "intIOR": "1.5",
    "extIOR": "1",
    "reflectance": "0.592438_0_0.00293232_1.0.png"
}, {
    "filename": "Mesh244.gem",
    "world": [1.0, 0.0, 0.0, 0.0, 0.0, 1.0, 0.0, 0.0, 0.0, 0.0, -1.0, 0.0, 0.0, 0.0, 0.0, 1.0],
    "bsdf": "diffuse",
    "reflectance": "Kitchen-mushroom-texture.png"
}, {
    "filename": "Mesh249.gem",
    "world": [1.0, 0.0, 0.0, 0.0, 0.0, 1.0, 0.0, 0.0, 0.0, 0.0, -1.0, 0.0, 0.0, 0.0, 0.0, 1.0],
    "bsdf": "diffuse",
    "reflectance": "Kitchen-mushroom-texture.png"
}, {
    "filename": "Mesh075.gem",
    "world": [1.0, 0.0, 0.0, 0.0, 0.0, 1.0, 0.0, 0.0, 0.0, 0.0, -1.0, 0.0, 0.0, 0.0, 0.0, 1.0],
    "bsdf": "diffuse",
    "reflectance": "Kitchen-mushroom-texture.png"
}, {
    "filename": "Mesh291.gem",
    "world": [1.0, 0.0, 0.0, 0.0, 0.0, 1.0, 0.0, 0.0, 0.0, 0.0, -1.0, 0.0, 0.0, 0.0, 0.0, 1.0],
    "bsdf": "diffuse",
    "reflectance": "0.300837_0.281435_0.243189_1.0.png"
}, {
    "filename": "Mesh254.gem",
    "world": [1.0, 0.0, 0.0, 0.0, 0.0, 1.0, 0.0, 0.0, 0.0, 0.0, -1.0, 0.0, 0.0, 0.0, 0.0, 1.0],
    "bsdf": "plastic",
    "roughness": "0.003803723578239983",
    "intIOR": "1.5",
    "extIOR": "1",
    "reflectance": "1_0.20471_0_1.0.png"
}, {
    "filename": "Mesh257.gem",
    "world": [1.0, 0.0, 0.0, 0.0, 0.0, 1.0, 0.0, 0.0, 0.0, 0.0, -1.0, 0.0, 0.0, 0.0, 0.0, 1.0],
    "bsdf": "diffuse",
    "reflectance": "0.136099_0.284452_0.00552174_1.0.png"
}, {
    "filename": "Mesh258.gem",
    "world": [1.0, 0.0, 0.0, 0.0, 0.0, 1.0, 0.0, 0.0, 0.0, 0.0, -1.0, 0.0, 0.0, 0.0, 0.0, 1.0],
    "bsdf": "plastic",
    "roughness": "0.003803723578239983",
    "intIOR": "1.5",
    "extIOR": "1",
    "reflectance": "0.0302565_0.197516_0_1.0.png"
}, {
    "filename": "Mesh089.gem",
    "world": [1.0, 0.0, 0.0, 0.0, 0.0, 1.0, 0.0, 0.0, 0.0, 0.0, -1.0, 0.0, 0.0, 0.0, 0.0, 1.0],
    "bsdf": "diffuse",
    "reflectance": "0.136099_0.284452_0.00552174_1.0.png"
}, {
    "filename": "Mesh261.gem",
    "world": [1.0, 0.0, 0.0, 0.0, 0.0, 1.0, 0.0, 0.0, 0.0, 0.0, -1.0, 0.0, 0.0, 0.0, 0.0, 1.0],
    "bsdf": "plastic",
    "roughness": "0.003803723578239983",
    "intIOR": "1.5",
    "extIOR": "1",
    "reflectance": "0.476177_0_0_1.0.png"
}, {
    "filename": "Mesh119.gem",
    "world": [1.0, 0.0, 0.0, 0.0, 0.0, 1.0, 0.0, 0.0, 0.0, 0.0, -1.0, 0.0, 0.0, 0.0, 0.0, 1.0],
    "bsdf": "diffuse",
    "reflectance": "0.136099_0.284452_0.00552174_1.0.png"
}, {
    "filename": "Mesh264.gem",
    "world": [1.0, 0.0, 0.0, 0.0, 0.0, 1.0, 0.0, 0.0, 0.0, 0.0, -1.0, 0.0, 0.0, 0.0, 0.0, 1.0],
    "bsdf": "diffuse",
    "reflectance": "0.136099_0.284452_0.00552174_1.0.png"
}, {
    "filename": "Mesh127.gem",
    "world": [1.0, 0.0, 0.0, 0.0, 0.0, 1.0, 0.0, 0.0, 0.0, 0.0, -1.0, 0.0, 0.0, 0.0, 0.0, 1.0],
    "bsdf": "conductor",
    "roughness": "0.003803723578239983",
    "extEta": "1",
    "reflectance": "1_1_1_1.0.png",
    "eta": "4.36968 2.9167 1.6547",
    "k": "5.20643 4.23136 3.75495"
}, {
    "filename": "Mesh091.gem",
    "world": [1.0, 0.0, 0.0, 0.0, 0.0, 1.0, 0.0, 0.0, 0.0, 0.0, -1.0, 0.0, 0.0, 0.0, 0.0, 1.0],
    "bsdf": "conductor",
    "roughness": "0.003803723578239983",
    "extEta": "1",
    "reflectance": "1_1_1_1.0.png",
    "eta": "4.36968 2.9167 1.6547",
    "k": "5.20643 4.23136 3.75495"
}, {
    "filename": "Mesh225.gem",
    "world": [1.0, 0.0, 0.0, 0.0, 0.0, 1.0, 0.0, 0.0, 0.0, 0.0, -1.0, 0.0, 0.0, 0.0, 0.0, 1.0],
    "bsdf": "conductor",
    "roughness": "0.003803723578239983",
    "extEta": "1",
    "reflectance": "1_1_1_1.0.png",
    "eta": "4.36968 2.9167 1.6547",
    "k": "5.20643 4.23136 3.75495"
}, {
    "filename": "Mesh266.gem",
    "world": [1.0, 0.0, 0.0, 0.0, 0.0, 1.0, 0.0, 0.0, 0.0, 0.0, -1.0, 0.0, 0.0, 0.0, 0.0, 1.0],
    "bsdf": "conductor",
    "roughness": "0.003803723578239983",
    "extEta": "1",
    "reflectance": "1_1_1_1.0.png",
    "eta": "4.36968 2.9167 1.6547",
    "k": "5.20643 4.23136 3.75495"
}, {
    "filename": "Mesh190.gem",
    "world": [1.0, 0.0, 0.0, 0.0, 0.0, 1.0, 0.0, 0.0, 0.0, 0.0, -1.0, 0.0, 0.0, 0.0, 0.0, 1.0],
    "bsdf": "conductor",
    "roughness": "0.003803723578239983",
    "extEta": "1",
    "reflectance": "1_1_1_1.0.png",
    "eta": "4.36968 2.9167 1.6547",
    "k": "5.20643 4.23136 3.75495"
}, {
    "filename": "Mesh245.gem",
    "world": [1.0, 0.0, 0.0, 0.0, 0.0, 1.0, 0.0, 0.0, 0.0, 0.0, -1.0, 0.0, 0.0, 0.0, 0.0, 1.0],
    "bsdf": "conductor",
    "roughness": "0.003803723578239983",
    "extEta": "1",
    "reflectance": "1_1_1_1.0.png",
    "eta": "4.36968 2.9167 1.6547",
    "k": "5.20643 4.23136 3.75495"
}, {
    "filename": "Mesh267.gem",
    "world": [1.0, 0.0, 0.0, 0.0, 0.0, 1.0, 0.0, 0.0, 0.0, 0.0, -1.0, 0.0, 0.0, 0.0, 0.0, 1.0],
    "bsdf": "conductor",
    "roughness": "0.003803723578239983",
    "extEta": "1",
    "reflectance": "1_1_1_1.0.png",
    "eta": "4.36968 2.9167 1.6547",
    "k": "5.20643 4.23136 3.75495"
}, {
    "filename": "Mesh179.gem",
    "world": [1.0, 0.0, 0.0, 0.0, 0.0, 1.0, 0.0, 0.0, 0.0, 0.0, -1.0, 0.0, 0.0, 0.0, 0.0, 1.0],
    "bsdf": "conductor",
    "roughness": "0.003803723578239983",
    "extEta": "1",
    "reflectance": "1_1_1_1.0.png",
    "eta": "4.36968 2.9167 1.6547",
    "k": "5.20643 4.23136 3.75495"
}, {
    "filename": "Mesh269.gem",
    "world": [1.0, 0.0, 0.0, 0.0, 0.0, 1.0, 0.0, 0.0, 0.0, 0.0, -1.0, 0.0, 0.0, 0.0, 0.0, 1.0],
    "bsdf": "conductor",
    "roughness": "0.003803723578239983",
    "extEta": "1",
    "reflectance": "1_1_1_1.0.png",
    "eta": "4.36968 2.9167 1.6547",
    "k": "5.20643 4.23136 3.75495"
}, {
    "filename": "Mesh270.gem",
    "world": [1.0, 0.0, 0.0, 0.0, 0.0, 1.0, 0.0, 0.0, 0.0, 0.0, -1.0, 0.0, 0.0, 0.0, 0.0, 1.0],
    "bsdf": "conductor",
    "roughness": "0.003803723578239983",
    "extEta": "1",
    "reflectance": "1_1_1_1.0.png",
    "eta": "4.36968 2.9167 1.6547",
    "k": "5.20643 4.23136 3.75495"
}, {
    "filename": "Mesh214.gem",
    "world": [1.0, 0.0, 0.0, 0.0, 0.0, 1.0, 0.0, 0.0, 0.0, 0.0, -1.0, 0.0, 0.0, 0.0, 0.0, 1.0],
    "bsdf": "conductor",
    "roughness": "0.003803723578239983",
    "extEta": "1",
    "reflectance": "1_1_1_1.0.png",
    "eta": "4.36968 2.9167 1.6547",
    "k": "5.20643 4.23136 3.75495"
}, {
    "filename": "Mesh108.gem",
    "world": [1.0, 0.0, 0.0, 0.0, 0.0, 1.0, 0.0, 0.0, 0.0, 0.0, -1.0, 0.0, 0.0, 0.0, 0.0, 1.0],
    "bsdf": "conductor",
    "roughness": "0.003803723578239983",
    "extEta": "1",
    "reflectance": "1_1_1_1.0.png",
    "eta": "4.36968 2.9167 1.6547",
    "k": "5.20643 4.23136 3.75495"
}, {
    "filename": "Mesh080.gem",
    "world": [1.0, 0.0, 0.0, 0.0, 0.0, 1.0, 0.0, 0.0, 0.0, 0.0, -1.0, 0.0, 0.0, 0.0, 0.0, 1.0],
    "bsdf": "conductor",
    "roughness": "0.003803723578239983",
    "extEta": "1",
    "reflectance": "0.578596_0.578596_0.578596_1.0.png",
    "eta": "1.65746 0.880369 0.521229",
    "k": "9.22387 6.26952 4.837"
}, {
    "filename": "Mesh272.gem",
    "world": [1.0, 0.0, 0.0, 0.0, 0.0, 1.0, 0.0, 0.0, 0.0, 0.0, -1.0, 0.0, 0.0, 0.0, 0.0, 1.0],
    "bsdf": "plastic",
    "roughness": "0.003803723578239983",
    "intIOR": "1.5",
    "extIOR": "1",
    "reflectance": "0.00631_0.00631_0.00631_1.0.png"
}, {
    "filename": "Mesh273.gem",
    "world": [1.0, 0.0, 0.0, 0.0, 0.0, 1.0, 0.0, 0.0, 0.0, 0.0, -1.0, 0.0, 0.0, 0.0, 0.0, 1.0],
    "bsdf": "plastic",
    "roughness": "0.003803723578239983",
    "intIOR": "1.5",
    "extIOR": "1",
    "reflectance": "0.00631_0.00631_0.00631_1.0.png"
}, {
    "filename": "Mesh275.gem",
    "world": [1.0, 0.0, 0.0, 0.0, 0.0, 1.0, 0.0, 0.0, 0.0, 0.0, -1.0, 0.0, 0.0, 0.0, 0.0, 1.0],
    "bsdf": "plastic",
    "roughness": "0.003803723578239983",
    "intIOR": "1.5",
    "extIOR": "1",
    "reflectance": "0.00631_0.00631_0.00631_1.0.png"
}, {
    "filename": "Mesh086.gem",
    "world": [1.0, 0.0, 0.0, 0.0, 0.0, 1.0, 0.0, 0.0, 0.0, 0.0, -1.0, 0.0, 0.0, 0.0, 0.0, 1.0],
    "bsdf": "plastic",
    "roughness": "0.003803723578239983",
    "intIOR": "1.5",
    "extIOR": "1",
    "reflectance": "0.0399472_0.14198_0.0033027_1.0.png"
}, {
    "filename": "Mesh241.gem",
    "world": [1.0, 0.0, 0.0, 0.0, 0.0, 1.0, 0.0, 0.0, 0.0, 0.0, -1.0, 0.0, 0.0, 0.0, 0.0, 1.0],
    "bsdf": "conductor",
    "roughness": "0.0009509308945599957",
    "extEta": "1",
    "reflectance": "1_1_1_1.0.png",
    "eta": "4.36968 2.9167 1.6547",
    "k": "5.20643 4.23136 3.75495"
}, {
    "filename": "Mesh222.gem",
    "world": [1.0, 0.0, 0.0, 0.0, 0.0, 1.0, 0.0, 0.0, 0.0, 0.0, -1.0, 0.0, 0.0, 0.0, 0.0, 1.0],
    "bsdf": "conductor",
    "roughness": "0.0009509308945599957",
    "extEta": "1",
    "reflectance": "0.578596_0.578596_0.578596_1.0.png",
    "eta": "4.36968 2.9167 1.6547",
    "k": "5.20643 4.23136 3.75495"
}, {
    "filename": "Mesh276.gem",
    "world": [1.0, 0.0, 0.0, 0.0, 0.0, 1.0, 0.0, 0.0, 0.0, 0.0, -1.0, 0.0, 0.0, 0.0, 0.0, 1.0],
    "bsdf": "conductor",
    "roughness": "0.0009509308945599957",
    "extEta": "1",
    "reflectance": "0.578596_0.578596_0.578596_1.0.png",
    "eta": "4.36968 2.9167 1.6547",
    "k": "5.20643 4.23136 3.75495"
}, {
    "filename": "Mesh279.gem",
    "world": [1.0, 0.0, 0.0, 0.0, 0.0, 1.0, 0.0, 0.0, 0.0, 0.0, -1.0, 0.0, 0.0, 0.0, 0.0, 1.0],
    "bsdf": "conductor",
    "roughness": "0.0009509308945599957",
    "extEta": "1",
    "reflectance": "0.578596_0.578596_0.578596_1.0.png",
    "eta": "4.36968 2.9167 1.6547",
    "k": "5.20643 4.23136 3.75495"
}, {
    "filename": "Mesh248.gem",
    "world": [1.0, 0.0, 0.0, 0.0, 0.0, 1.0, 0.0, 0.0, 0.0, 0.0, -1.0, 0.0, 0.0, 0.0, 0.0, 1.0],
    "bsdf": "conductor",
    "roughness": "0.0009509308945599957",
    "extEta": "1",
    "reflectance": "0.578596_0.578596_0.578596_1.0.png",
    "eta": "4.36968 2.9167 1.6547",
    "k": "5.20643 4.23136 3.75495"
}, {
    "filename": "Mesh282.gem",
    "world": [1.0, 0.0, 0.0, 0.0, 0.0, 1.0, 0.0, 0.0, 0.0, 0.0, -1.0, 0.0, 0.0, 0.0, 0.0, 1.0],
    "bsdf": "conductor",
    "roughness": "0.0009509308945599957",
    "extEta": "1",
    "reflectance": "0.578596_0.578596_0.578596_1.0.png",
    "eta": "4.36968 2.9167 1.6547",
    "k": "5.20643 4.23136 3.75495"
}, {
    "filename": "Mesh277.gem",
    "world": [1.0, 0.0, 0.0, 0.0, 0.0, 1.0, 0.0, 0.0, 0.0, 0.0, -1.0, 0.0, 0.0, 0.0, 0.0, 1.0],
    "bsdf": "conductor",
    "roughness": "0.0009509308945599957",
    "extEta": "1",
    "reflectance": "0.578596_0.578596_0.578596_1.0.png",
    "eta": "4.36968 2.9167 1.6547",
    "k": "5.20643 4.23136 3.75495"
}, {
    "filename": "Mesh180.gem",
    "world": [1.0, 0.0, 0.0, 0.0, 0.0, 1.0, 0.0, 0.0, 0.0, 0.0, -1.0, 0.0, 0.0, 0.0, 0.0, 1.0],
    "bsdf": "conductor",
    "roughness": "0.0009509308945599957",
    "extEta": "1",
    "reflectance": "0.578596_0.578596_0.578596_1.0.png",
    "eta": "4.36968 2.9167 1.6547",
    "k": "5.20643 4.23136 3.75495"
}, {
    "filename": "Mesh285.gem",
    "world": [1.0, 0.0, 0.0, 0.0, 0.0, 1.0, 0.0, 0.0, 0.0, 0.0, -1.0, 0.0, 0.0, 0.0, 0.0, 1.0],
    "bsdf": "conductor",
    "roughness": "0.0009509308945599957",
    "extEta": "1",
    "reflectance": "0.578596_0.578596_0.578596_1.0.png",
    "eta": "4.36968 2.9167 1.6547",
    "k": "5.20643 4.23136 3.75495"
}, {
    "filename": "Mesh170.gem",
    "world": [1.0, 0.0, 0.0, 0.0, 0.0, 1.0, 0.0, 0.0, 0.0, 0.0, -1.0, 0.0, 0.0, 0.0, 0.0, 1.0],
    "bsdf": "conductor",
    "roughness": "0.0009509308945599957",
    "extEta": "1",
    "reflectance": "0.578596_0.578596_0.578596_1.0.png",
    "eta": "4.36968 2.9167 1.6547",
    "k": "5.20643 4.23136 3.75495"
}, {
    "filename": "Mesh293.gem",
    "world": [1.0, 0.0, 0.0, 0.0, 0.0, 1.0, 0.0, 0.0, 0.0, 0.0, -1.0, 0.0, 0.0, 0.0, 0.0, 1.0],
    "bsdf": "conductor",
    "roughness": "0.0009509308945599957",
    "extEta": "1",
    "reflectance": "0.578596_0.578596_0.578596_1.0.png",
    "eta": "4.36968 2.9167 1.6547",
    "k": "5.20643 4.23136 3.75495"
}, {
    "filename": "Mesh215.gem",
    "world": [1.0, 0.0, 0.0, 0.0, 0.0, 1.0, 0.0, 0.0, 0.0, 0.0, -1.0, 0.0, 0.0, 0.0, 0.0, 1.0],
    "bsdf": "conductor",
    "roughness": "0.0009509308945599957",
    "extEta": "1",
    "reflectance": "0.578596_0.578596_0.578596_1.0.png",
    "eta": "4.36968 2.9167 1.6547",
    "k": "5.20643 4.23136 3.75495"
}, {
    "filename": "Mesh252.gem",
    "world": [1.0, 0.0, 0.0, 0.0, 0.0, 1.0, 0.0, 0.0, 0.0, 0.0, -1.0, 0.0, 0.0, 0.0, 0.0, 1.0],
    "bsdf": "conductor",
    "roughness": "0.0009509308945599957",
    "extEta": "1",
    "reflectance": "0.578596_0.578596_0.578596_1.0.png",
    "eta": "4.36968 2.9167 1.6547",
    "k": "5.20643 4.23136 3.75495"
}, {
    "filename": "Mesh204.gem",
    "world": [1.0, 0.0, 0.0, 0.0, 0.0, 1.0, 0.0, 0.0, 0.0, 0.0, -1.0, 0.0, 0.0, 0.0, 0.0, 1.0],
    "bsdf": "conductor",
    "roughness": "0.0009509308945599957",
    "extEta": "1",
    "reflectance": "0.578596_0.578596_0.578596_1.0.png",
    "eta": "4.36968 2.9167 1.6547",
    "k": "5.20643 4.23136 3.75495"
}, {
    "filename": "Mesh286.gem",
    "world": [1.0, 0.0, 0.0, 0.0, 0.0, 1.0, 0.0, 0.0, 0.0, 0.0, -1.0, 0.0, 0.0, 0.0, 0.0, 1.0],
    "bsdf": "conductor",
    "roughness": "0.0009509308945599957",
    "extEta": "1",
    "reflectance": "0.578596_0.578596_0.578596_1.0.png",
    "eta": "4.36968 2.9167 1.6547",
    "k": "5.20643 4.23136 3.75495"
}, {
    "filename": "Mesh096.gem",
    "world": [1.0, 0.0, 0.0, 0.0, 0.0, 1.0, 0.0, 0.0, 0.0, 0.0, -1.0, 0.0, 0.0, 0.0, 0.0, 1.0],
    "bsdf": "conductor",
    "roughness": "0.0009509308945599957",
    "extEta": "1",
    "reflectance": "0.578596_0.578596_0.578596_1.0.png",
    "eta": "4.36968 2.9167 1.6547",
    "k": "5.20643 4.23136 3.75495"
}, {
    "filename": "Mesh288.gem",
    "world": [1.0, 0.0, 0.0, 0.0, 0.0, 1.0, 0.0, 0.0, 0.0, 0.0, -1.0, 0.0, 0.0, 0.0, 0.0, 1.0],
    "bsdf": "conductor",
    "roughness": "0.0009509308945599957",
    "extEta": "1",
    "reflectance": "0.578596_0.578596_0.578596_1.0.png",
    "eta": "4.36968 2.9167 1.6547",
    "k": "5.20643 4.23136 3.75495"
}, {
    "filename": "Mesh253.gem",
    "world": [1.0, 0.0, 0.0, 0.0, 0.0, 1.0, 0.0, 0.0, 0.0, 0.0, -1.0, 0.0, 0.0, 0.0, 0.0, 1.0],
    "bsdf": "conductor",
    "roughness": "0.0009509308945599957",
    "extEta": "1",
    "reflectance": "0.578596_0.578596_0.578596_1.0.png",
    "eta": "4.36968 2.9167 1.6547",
    "k": "5.20643 4.23136 3.75495"
}, {
    "filename": "Mesh109.gem",
    "world": [1.0, 0.0, 0.0, 0.0, 0.0, 1.0, 0.0, 0.0, 0.0, 0.0, -1.0, 0.0, 0.0, 0.0, 0.0, 1.0],
    "bsdf": "conductor",
    "roughness": "0.0009509308945599957",
    "extEta": "1",
    "reflectance": "0.578596_0.578596_0.578596_1.0.png",
    "eta": "4.36968 2.9167 1.6547",
    "k": "5.20643 4.23136 3.75495"
}, {
    "filename": "Mesh289.gem",
    "world": [1.0, 0.0, 0.0, 0.0, 0.0, 1.0, 0.0, 0.0, 0.0, 0.0, -1.0, 0.0, 0.0, 0.0, 0.0, 1.0],
    "bsdf": "conductor",
    "roughness": "0.003803723578239983",
    "extEta": "1",
    "reflectance": "0.578596_0.578596_0.578596_1.0.png",
    "eta": "1.65746 0.880369 0.521229",
    "k": "9.22387 6.26952 4.837"
}, {
    "filename": "Mesh152.gem",
    "world": [1.0, 0.0, 0.0, 0.0, 0.0, 1.0, 0.0, 0.0, 0.0, 0.0, -1.0, 0.0, 0.0, 0.0, 0.0, 1.0],
    "bsdf": "conductor",
    "roughness": "0.003803723578239983",
    "extEta": "1",
    "reflectance": "0.578596_0.578596_0.578596_1.0.png",
    "eta": "1.65746 0.880369 0.521229",
    "k": "9.22387 6.26952 4.837"
}, {
    "filename": "Mesh226.gem",
    "world": [1.0, 0.0, 0.0, 0.0, 0.0, 1.0, 0.0, 0.0, 0.0, 0.0, -1.0, 0.0, 0.0, 0.0, 0.0, 1.0],
    "bsdf": "conductor",
    "roughness": "0.003803723578239983",
    "extEta": "1",
    "reflectance": "0.578596_0.578596_0.578596_1.0.png",
    "eta": "1.65746 0.880369 0.521229",
    "k": "9.22387 6.26952 4.837"
}, {
    "filename": "Mesh290.gem",
    "world": [1.0, 0.0, 0.0, 0.0, 0.0, 1.0, 0.0, 0.0, 0.0, 0.0, -1.0, 0.0, 0.0, 0.0, 0.0, 1.0],
    "bsdf": "conductor",
    "roughness": "0.003803723578239983",
    "extEta": "1",
    "reflectance": "0.578596_0.578596_0.578596_1.0.png",
    "eta": "1.65746 0.880369 0.521229",
    "k": "9.22387 6.26952 4.837"
}, {
    "filename": "Mesh292.gem",
    "world": [1.0, 0.0, 0.0, 0.0, 0.0, 1.0, 0.0, 0.0, 0.0, 0.0, -1.0, 0.0, 0.0, 0.0, 0.0, 1.0],
    "bsdf": "conductor",
    "roughness": "0.003803723578239983",
    "extEta": "1",
    "reflectance": "0.578596_0.578596_0.578596_1.0.png",
    "eta": "1.65746 0.880369 0.521229",
    "k": "9.22387 6.26952 4.837"
}, {
    "filename": "Mesh208.gem",
    "world": [1.0, 0.0, 0.0, 0.0, 0.0, 1.0, 0.0, 0.0, 0.0, 0.0, -1.0, 0.0, 0.0, 0.0, 0.0, 1.0],
    "bsdf": "conductor",
    "roughness": "0.003803723578239983",
    "extEta": "1",
    "reflectance": "0.578596_0.578596_0.578596_1.0.png",
    "eta": "1.65746 0.880369 0.521229",
    "k": "9.22387 6.26952 4.837"
}, {
    "filename": "Mesh191.gem",
    "world": [1.0, 0.0, 0.0, 0.0, 0.0, 1.0, 0.0, 0.0, 0.0, 0.0, -1.0, 0.0, 0.0, 0.0, 0.0, 1.0],
    "bsdf": "glass",
    "reflectance": "1_1_1.png"
}, {
    "filename": "Mesh201.gem",
    "world": [1.0, 0.0, 0.0, 0.0, 0.0, 1.0, 0.0, 0.0, 0.0, 0.0, -1.0, 0.0, 0.0, 0.0, 0.0, 1.0],
    "bsdf": "glass",
    "reflectance": "1_1_1.png"
}, {
    "filename": "Mesh294.gem",
    "world": [1.0, 0.0, 0.0, 0.0, 0.0, 1.0, 0.0, 0.0, 0.0, 0.0, -1.0, 0.0, 0.0, 0.0, 0.0, 1.0],
    "bsdf": "conductor",
    "roughness": "0.003803723578239983",
    "extEta": "1",
    "reflectance": "0.578596_0.578596_0.578596_1.0.png",
    "eta": "1.65746 0.880369 0.521229",
    "k": "9.22387 6.26952 4.837"
}, {
    "filename": "Mesh065.gem",
    "world": [1.0, 0.0, 0.0, 0.0, 0.0, 1.0, 0.0, 0.0, 0.0, 0.0, -1.0, 0.0, 0.0, 0.0, 0.0, 1.0],
    "bsdf": "glass",
    "reflectance": "1_1_1.png"
}, {
    "filename": "Mesh064.gem",
    "world": [1.0, 0.0, 0.0, 0.0, 0.0, 1.0, 0.0, 0.0, 0.0, 0.0, -1.0, 0.0, 0.0, 0.0, 0.0, 1.0],
    "bsdf": "diffuse",
    "reflectance": "0.047366_0.047366_0.047366_1.0.png"
}, {
    "filename": "Mesh094.gem",
    "world": [1.0, 0.0, 0.0, 0.0, 0.0, 1.0, 0.0, 0.0, 0.0, 0.0, -1.0, 0.0, 0.0, 0.0, 0.0, 1.0],
    "bsdf": "plastic",
    "roughness": "0",
    "intIOR": "1.5",
    "extIOR": "1",
    "reflectance": "0.578596_0.578596_0.578596_1.0.png"
}, {
    "filename": "Mesh063.gem",
    "world": [1.0, 0.0, 0.0, 0.0, 0.0, 1.0, 0.0, 0.0, 0.0, 0.0, -1.0, 0.0, 0.0, 0.0, 0.0, 1.0],
    "bsdf": "plastic",
    "roughness": "0.0009509308945599957",
    "intIOR": "1.5",
    "extIOR": "1",
    "reflectance": "Kitchen-bookpage-large.jpg"
}, {
    "filename": "Mesh062.gem",
    "world": [1.0, 0.0, 0.0, 0.0, 0.0, 1.0, 0.0, 0.0, 0.0, 0.0, -1.0, 0.0, 0.0, 0.0, 0.0, 1.0],
    "bsdf": "diffuse",
    "reflectance": "0.0805638_0.081309_0.0801467_1.0.png"
}, {
    "filename": "Mesh092.gem",
    "world": [1.0, 0.0, 0.0, 0.0, 0.0, 1.0, 0.0, 0.0, 0.0, 0.0, -1.0, 0.0, 0.0, 0.0, 0.0, 1.0],
    "bsdf": "plastic",
    "roughness": "0.0009509308945599957",
    "intIOR": "1.5",
    "extIOR": "1",
    "reflectance": "Kitchen-bookpage-large.jpg"
}, {
    "filename": "Mesh061.gem",
    "world": [1.0, 0.0, 0.0, 0.0, 0.0, 1.0, 0.0, 0.0, 0.0, 0.0, -1.0, 0.0, 0.0, 0.0, 0.0, 1.0],
    "bsdf": "conductor",
    "roughness": "0.0001521489431295993",
    "extEta": "1",
    "reflectance": "1_1_1_1.0.png",
    "eta": "4.36968 2.9167 1.6547",
    "k": "5.20643 4.23136 3.75495"
}, {
    "filename": "Mesh059.gem",
    "world": [1.0, 0.0, 0.0, 0.0, 0.0, 1.0, 0.0, 0.0, 0.0, 0.0, -1.0, 0.0, 0.0, 0.0, 0.0, 1.0],
    "bsdf": "plastic",
    "roughness": "0.003803723578239983",
    "intIOR": "1.5",
    "extIOR": "1",
    "reflectance": "0.028991_0.028991_0.028991_1.0.png"
}, {
    "filename": "Mesh058.gem",
    "world": [1.0, 0.0, 0.0, 0.0, 0.0, 1.0, 0.0, 0.0, 0.0, 0.0, -1.0, 0.0, 0.0, 0.0, 0.0, 1.0],
    "bsdf": "conductor",
    "roughness": "0.003803723578239983",
    "extEta": "1",
    "reflectance": "1_1_1_1.0.png",
    "eta": "1.65746 0.880369 0.521229",
    "k": "9.22387 6.26952 4.837"
}, {
    "filename": "Mesh057.gem",
    "world": [1.0, 0.0, 0.0, 0.0, 0.0, 1.0, 0.0, 0.0, 0.0, 0.0, -1.0, 0.0, 0.0, 0.0, 0.0, 1.0],
    "bsdf": "diffuse",
    "reflectance": "Chopping-Board.jpg"
}, {
    "filename": "Mesh056.gem",
    "world": [1.0, 0.0, 0.0, 0.0, 0.0, 1.0, 0.0, 0.0, 0.0, 0.0, -1.0, 0.0, 0.0, 0.0, 0.0, 1.0],
    "bsdf": "diffuse",
    "reflectance": "0.571765_0.563535_0.559972_1.0.png"
}, {
    "filename": "Mesh055.gem",
    "world": [1.0, 0.0, 0.0, 0.0, 0.0, 1.0, 0.0, 0.0, 0.0, 0.0, -1.0, 0.0, 0.0, 0.0, 0.0, 1.0],
    "bsdf": "diffuse",
    "reflectance": "0_0_0_1.0.png"
}, {
    "filename": "Mesh138.gem",
    "world": [1.0, 0.0, 0.0, 0.0, 0.0, 1.0, 0.0, 0.0, 0.0, 0.0, -1.0, 0.0, 0.0, 0.0, 0.0, 1.0],
    "bsdf": "diffuse",
    "reflectance": "0.79311_0.79311_0.79311_1.0.png"
}, {
    "filename": "Mesh224.gem",
    "world": [1.0, 0.0, 0.0, 0.0, 0.0, 1.0, 0.0, 0.0, 0.0, 0.0, -1.0, 0.0, 0.0, 0.0, 0.0, 1.0],
    "bsdf": "plastic",
    "roughness": "0.003803723578239983",
    "intIOR": "1.5",
    "extIOR": "1",
    "reflectance": "Tabletop-light.jpg"
}, {
    "filename": "Mesh054.gem",
    "world": [1.0, 0.0, 0.0, 0.0, 0.0, 1.0, 0.0, 0.0, 0.0, 0.0, -1.0, 0.0, 0.0, 0.0, 0.0, 1.0],
    "bsdf": "diffuse",
    "reflectance": "0.394083_0.325037_0.263175_1.0.png"
}, {
    "filename": "Mesh053.gem",
    "world": [1.0, 0.0, 0.0, 0.0, 0.0, 1.0, 0.0, 0.0, 0.0, 0.0, -1.0, 0.0, 0.0, 0.0, 0.0, 1.0],
    "bsdf": "diffuse",
    "reflectance": "0.479179_0.479179_0.479179_1.0.png"
}, {
    "filename": "Mesh052.gem",
    "world": [1.0, 0.0, 0.0, 0.0, 0.0, 1.0, 0.0, 0.0, 0.0, 0.0, -1.0, 0.0, 0.0, 0.0, 0.0, 1.0],
    "bsdf": "plastic",
    "roughness": "0.003803723578239983",
    "intIOR": "1.5",
    "extIOR": "1",
    "reflectance": "0.541798_0.297653_0.0528416_1.0.png"
}, {
    "filename": "Mesh050.gem",
    "world": [1.0, 0.0, 0.0, 0.0, 0.0, 1.0, 0.0, 0.0, 0.0, 0.0, -1.0, 0.0, 0.0, 0.0, 0.0, 1.0],
    "bsdf": "diffuse",
    "reflectance": "0.578596_0.578596_0.578596_1.0.png"
}, {
    "filename": "Mesh049.gem",
    "world": [1.0, 0.0, 0.0, 0.0, 0.0, 1.0, 0.0, 0.0, 0.0, 0.0, -1.0, 0.0, 0.0, 0.0, 0.0, 1.0],
    "bsdf": "diffuse",
    "reflectance": "0.572423_0.572423_0.572423_1.0.png"
}, {
    "filename": "Mesh163.gem",
    "world": [1.0, 0.0, 0.0, 0.0, 0.0, 1.0, 0.0, 0.0, 0.0, 0.0, -1.0, 0.0, 0.0, 0.0, 0.0, 1.0],
    "bsdf": "diffuse",
    "reflectance": "0.571765_0.563535_0.559972_1.0.png"
}, {
    "filename": "Mesh154.gem",
    "world": [1.0, 0.0, 0.0, 0.0, 0.0, 1.0, 0.0, 0.0, 0.0, 0.0, -1.0, 0.0, 0.0, 0.0, 0.0, 1.0],
    "bsdf": "diffuse",
    "reflectance": "0.571765_0.563535_0.559972_1.0.png"
}, {
    "filename": "Mesh078.gem",
    "world": [1.0, 0.0, 0.0, 0.0, 0.0, 1.0, 0.0, 0.0, 0.0, 0.0, -1.0, 0.0, 0.0, 0.0, 0.0, 1.0],
    "bsdf": "conductor",
    "roughness": "0.0021395945127599897",
    "extEta": "1",
    "reflectance": "0.510193_0.510193_0.510193_1.0.png",
    "eta": "4.36968 2.9167 1.6547",
    "k": "5.20643 4.23136 3.75495"
}, {
    "filename": "Mesh246.gem",
    "world": [1.0, 0.0, 0.0, 0.0, 0.0, 1.0, 0.0, 0.0, 0.0, 0.0, -1.0, 0.0, 0.0, 0.0, 0.0, 1.0],
    "bsdf": "diffuse",
    "reflectance": "0.547857_0.547857_0.547857_1.0.png"
}, {
    "filename": "Mesh048.gem",
    "world": [1.0, 0.0, 0.0, 0.0, 0.0, 1.0, 0.0, 0.0, 0.0, 0.0, -1.0, 0.0, 0.0, 0.0, 0.0, 1.0],
    "bsdf": "diffuse",
    "reflectance": "0.572423_0.572423_0.572423_1.0.png"
}, {
    "filename": "Mesh047.gem",
    "world": [1.0, 0.0, 0.0, 0.0, 0.0, 1.0, 0.0, 0.0, 0.0, 0.0, -1.0, 0.0, 0.0, 0.0, 0.0, 1.0],
    "bsdf": "diffuse",
    "reflectance": "0.572423_0.572423_0.572423_1.0.png"
}, {
    "filename": "Mesh046.gem",
    "world": [1.0, 0.0, 0.0, 0.0, 0.0, 1.0, 0.0, 0.0, 0.0, 0.0, -1.0, 0.0, 0.0, 0.0, 0.0, 1.0],
    "bsdf": "diffuse",
    "reflectance": "0.572423_0.572423_0.572423_1.0.png"
}, {
    "filename": "Mesh045.gem",
    "world": [1.0, 0.0, 0.0, 0.0, 0.0, 1.0, 0.0, 0.0, 0.0, 0.0, -1.0, 0.0, 0.0, 0.0, 0.0, 1.0],
    "bsdf": "diffuse",
    "reflectance": "0.572423_0.572423_0.572423_1.0.png"
}, {
    "filename": "Mesh044.gem",
    "world": [1.0, 0.0, 0.0, 0.0, 0.0, 1.0, 0.0, 0.0, 0.0, 0.0, -1.0, 0.0, 0.0, 0.0, 0.0, 1.0],
    "bsdf": "diffuse",
    "reflectance": "0.572423_0.572423_0.572423_1.0.png"
}, {
    "filename": "Mesh043.gem",
    "world": [1.0, 0.0, 0.0, 0.0, 0.0, 1.0, 0.0, 0.0, 0.0, 0.0, -1.0, 0.0, 0.0, 0.0, 0.0, 1.0],
    "bsdf": "diffuse",
    "reflectance": "0.572423_0.572423_0.572423_1.0.png"
}, {
    "filename": "Mesh041.gem",
    "world": [1.0, 0.0, 0.0, 0.0, 0.0, 1.0, 0.0, 0.0, 0.0, 0.0, -1.0, 0.0, 0.0, 0.0, 0.0, 1.0],
    "bsdf": "diffuse",
    "reflectance": "0.572423_0.572423_0.572423_1.0.png"
}, {
    "filename": "Mesh193.gem",
    "world": [1.0, 0.0, 0.0, 0.0, 0.0, 1.0, 0.0, 0.0, 0.0, 0.0, -1.0, 0.0, 0.0, 0.0, 0.0, 1.0],
    "bsdf": "diffuse",
    "reflectance": "0.572423_0.572423_0.572423_1.0.png"
}, {
    "filename": "Mesh040.gem",
    "world": [1.0, 0.0, 0.0, 0.0, 0.0, 1.0, 0.0, 0.0, 0.0, 0.0, -1.0, 0.0, 0.0, 0.0, 0.0, 1.0],
    "bsdf": "diffuse",
    "reflectance": "0.572423_0.572423_0.572423_1.0.png"
}, {
    "filename": "Mesh218.gem",
    "world": [1.0, 0.0, 0.0, 0.0, 0.0, 1.0, 0.0, 0.0, 0.0, 0.0, -1.0, 0.0, 0.0, 0.0, 0.0, 1.0],
    "bsdf": "diffuse",
    "reflectance": "0.572423_0.572423_0.572423_1.0.png"
}, {
    "filename": "Mesh039.gem",
    "world": [1.0, 0.0, 0.0, 0.0, 0.0, 1.0, 0.0, 0.0, 0.0, 0.0, -1.0, 0.0, 0.0, 0.0, 0.0, 1.0],
    "bsdf": "diffuse",
    "reflectance": "0.572423_0.572423_0.572423_1.0.png"
}, {
    "filename": "Mesh187.gem",
    "world": [1.0, 0.0, 0.0, 0.0, 0.0, 1.0, 0.0, 0.0, 0.0, 0.0, -1.0, 0.0, 0.0, 0.0, 0.0, 1.0],
    "bsdf": "diffuse",
    "reflectance": "0.578913_0.578913_0.578913_1.0.png"
}, {
    "filename": "Mesh073.gem",
    "world": [1.0, 0.0, 0.0, 0.0, 0.0, 1.0, 0.0, 0.0, 0.0, 0.0, -1.0, 0.0, 0.0, 0.0, 0.0, 1.0],
    "bsdf": "conductor",
    "roughness": "0.0021395945127599897",
    "extEta": "1",
    "reflectance": "0.510193_0.510193_0.510193_1.0.png",
    "eta": "4.36968 2.9167 1.6547",
    "k": "5.20643 4.23136 3.75495"
}, {
    "filename": "Mesh042.gem",
    "world": [1.0, 0.0, 0.0, 0.0, 0.0, 1.0, 0.0, 0.0, 0.0, 0.0, -1.0, 0.0, 0.0, 0.0, 0.0, 1.0],
    "bsdf": "conductor",
    "roughness": "0.0021395945127599897",
    "extEta": "1",
    "reflectance": "0.510193_0.510193_0.510193_1.0.png",
    "eta": "4.36968 2.9167 1.6547",
    "k": "5.20643 4.23136 3.75495"
}, {
    "filename": "Mesh037.gem",
    "world": [1.0, 0.0, 0.0, 0.0, 0.0, 1.0, 0.0, 0.0, 0.0, 0.0, -1.0, 0.0, 0.0, 0.0, 0.0, 1.0],
    "bsdf": "conductor",
    "roughness": "0.0021395945127599897",
    "extEta": "1",
    "reflectance": "0.510193_0.510193_0.510193_1.0.png",
    "eta": "4.36968 2.9167 1.6547",
    "k": "5.20643 4.23136 3.75495"
}, {
    "filename": "Mesh035.gem",
    "world": [1.0, 0.0, 0.0, 0.0, 0.0, 1.0, 0.0, 0.0, 0.0, 0.0, -1.0, 0.0, 0.0, 0.0, 0.0, 1.0],
    "bsdf": "conductor",
    "roughness": "0.0021395945127599897",
    "extEta": "1",
    "reflectance": "0.510193_0.510193_0.510193_1.0.png",
    "eta": "4.36968 2.9167 1.6547",
    "k": "5.20643 4.23136 3.75495"
}, {
    "filename": "Mesh034.gem",
    "world": [1.0, 0.0, 0.0, 0.0, 0.0, 1.0, 0.0, 0.0, 0.0, 0.0, -1.0, 0.0, 0.0, 0.0, 0.0, 1.0],
    "bsdf": "conductor",
    "roughness": "0.0021395945127599897",
    "extEta": "1",
    "reflectance": "0.510193_0.510193_0.510193_1.0.png",
    "eta": "4.36968 2.9167 1.6547",
    "k": "5.20643 4.23136 3.75495"
}, {
    "filename": "Mesh033.gem",
    "world": [1.0, 0.0, 0.0, 0.0, 0.0, 1.0, 0.0, 0.0, 0.0, 0.0, -1.0, 0.0, 0.0, 0.0, 0.0, 1.0],
    "bsdf": "conductor",
    "roughness": "0.0021395945127599897",
    "extEta": "1",
    "reflectance": "0.510193_0.510193_0.510193_1.0.png",
    "eta": "4.36968 2.9167 1.6547",
    "k": "5.20643 4.23136 3.75495"
}, {
    "filename": "Mesh038.gem",
    "world": [1.0, 0.0, 0.0, 0.0, 0.0, 1.0, 0.0, 0.0, 0.0, 0.0, -1.0, 0.0, 0.0, 0.0, 0.0, 1.0],
    "bsdf": "diffuse",
    "reflectance": "0.547857_0.547857_0.547857_1.0.png"
}, {
    "filename": "Mesh072.gem",
    "world": [1.0, 0.0, 0.0, 0.0, 0.0, 1.0, 0.0, 0.0, 0.0, 0.0, -1.0, 0.0, 0.0, 0.0, 0.0, 1.0],
    "bsdf": "diffuse",
    "reflectance": "0.547857_0.547857_0.547857_1.0.png"
}, {
    "filename": "Mesh231.gem",
    "world": [1.0, 0.0, 0.0, 0.0, 0.0, 1.0, 0.0, 0.0, 0.0, 0.0, -1.0, 0.0, 0.0, 0.0, 0.0, 1.0],
    "bsdf": "diffuse",
    "reflectance": "0.547857_0.547857_0.547857_1.0.png"
}, {
    "filename": "Mesh032.gem",
    "world": [1.0, 0.0, 0.0, 0.0, 0.0, 1.0, 0.0, 0.0, 0.0, 0.0, -1.0, 0.0, 0.0, 0.0, 0.0, 1.0],
    "bsdf": "plastic",
    "roughness": "0.0006085957725183972",
    "intIOR": "1.5",
    "extIOR": "1",
    "reflectance": "Worktopt-light.jpg"
}, {
    "filename": "Mesh031.gem",
    "world": [1.0, 0.0, 0.0, 0.0, 0.0, 1.0, 0.0, 0.0, 0.0, 0.0, -1.0, 0.0, 0.0, 0.0, 0.0, 1.0],
    "bsdf": "plastic",
    "roughness": "0.0006085957725183972",
    "intIOR": "1.5",
    "extIOR": "1",
    "reflectance": "Worktopt-light.jpg"
}, {
    "filename": "Mesh030.gem",
    "world": [1.0, 0.0, 0.0, 0.0, 0.0, 1.0, 0.0, 0.0, 0.0, 0.0, -1.0, 0.0, 0.0, 0.0, 0.0, 1.0],
    "bsdf": "diffuse",
    "reflectance": "0.547857_0.547857_0.547857_1.0.png"
}, {
    "filename": "Mesh029.gem",
    "world": [1.0, 0.0, 0.0, 0.0, 0.0, 1.0, 0.0, 0.0, 0.0, 0.0, -1.0, 0.0, 0.0, 0.0, 0.0, 1.0],
    "bsdf": "diffuse",
    "reflectance": "0.547857_0.547857_0.547857_1.0.png"
}, {
    "filename": "Mesh028.gem",
    "world": [1.0, 0.0, 0.0, 0.0, 0.0, 1.0, 0.0, 0.0, 0.0, 0.0, -1.0, 0.0, 0.0, 0.0, 0.0, 1.0],
    "bsdf": "conductor",
    "roughness": "0.003803723578239983",
    "extEta": "1",
    "reflectance": "0.578596_0.578596_0.578596_1.0.png",
    "eta": "1.65746 0.880369 0.521229",
    "k": "9.22387 6.26952 4.837"
}, {
    "filename": "Mesh027.gem",
    "world": [1.0, 0.0, 0.0, 0.0, 0.0, 1.0, 0.0, 0.0, 0.0, 0.0, -1.0, 0.0, 0.0, 0.0, 0.0, 1.0],
    "bsdf": "plastic",
    "roughness": "0.003803723578239983",
    "intIOR": "1.5",
    "extIOR": "1",
    "reflectance": "0.00631_0.00631_0.00631_1.0.png"
}, {
    "filename": "Mesh198.gem",
    "world": [1.0, 0.0, 0.0, 0.0, 0.0, 1.0, 0.0, 0.0, 0.0, 0.0, -1.0, 0.0, 0.0, 0.0, 0.0, 1.0],
    "bsdf": "conductor",
    "roughness": "0.003803723578239983",
    "extEta": "1",
    "reflectance": "0.578596_0.578596_0.578596_1.0.png",
    "eta": "1.65746 0.880369 0.521229",
    "k": "9.22387 6.26952 4.837"
}, {
    "filename": "Mesh026.gem",
    "world": [1.0, 0.0, 0.0, 0.0, 0.0, 1.0, 0.0, 0.0, 0.0, 0.0, -1.0, 0.0, 0.0, 0.0, 0.0, 1.0],
    "bsdf": "plastic",
    "roughness": "0.003803723578239983",
    "intIOR": "1.5",
    "extIOR": "1",
    "reflectance": "0.00631_0.00631_0.00631_1.0.png"
}, {
    "filename": "Mesh071.gem",
    "world": [1.0, 0.0, 0.0, 0.0, 0.0, 1.0, 0.0, 0.0, 0.0, 0.0, -1.0, 0.0, 0.0, 0.0, 0.0, 1.0],
    "bsdf": "conductor",
    "roughness": "0.003803723578239983",
    "extEta": "1",
    "reflectance": "0.578596_0.578596_0.578596_1.0.png",
    "eta": "1.65746 0.880369 0.521229",
    "k": "9.22387 6.26952 4.837"
}, {
    "filename": "Mesh149.gem",
    "world": [1.0, 0.0, 0.0, 0.0, 0.0, 1.0, 0.0, 0.0, 0.0, 0.0, -1.0, 0.0, 0.0, 0.0, 0.0, 1.0],
    "bsdf": "plastic",
    "roughness": "0.003803723578239983",
    "intIOR": "1.5",
    "extIOR": "1",
    "reflectance": "0.00631_0.00631_0.00631_1.0.png"
}, {
    "filename": "Mesh025.gem",
    "world": [1.0, 0.0, 0.0, 0.0, 0.0, 1.0, 0.0, 0.0, 0.0, 0.0, -1.0, 0.0, 0.0, 0.0, 0.0, 1.0],
    "bsdf": "conductor",
    "roughness": "0.003803723578239983",
    "extEta": "1",
    "reflectance": "0.578596_0.578596_0.578596_1.0.png",
    "eta": "1.65746 0.880369 0.521229",
    "k": "9.22387 6.26952 4.837"
}, {
    "filename": "Mesh203.gem",
    "world": [1.0, 0.0, 0.0, 0.0, 0.0, 1.0, 0.0, 0.0, 0.0, 0.0, -1.0, 0.0, 0.0, 0.0, 0.0, 1.0],
    "bsdf": "plastic",
    "roughness": "0.003803723578239983",
    "intIOR": "1.5",
    "extIOR": "1",
    "reflectance": "0.00631_0.00631_0.00631_1.0.png"
}, {
    "filename": "Mesh024.gem",
    "world": [1.0, 0.0, 0.0, 0.0, 0.0, 1.0, 0.0, 0.0, 0.0, 0.0, -1.0, 0.0, 0.0, 0.0, 0.0, 1.0],
    "bsdf": "conductor",
    "roughness": "0.003803723578239983",
    "extEta": "1",
    "reflectance": "0.578596_0.578596_0.578596_1.0.png",
    "eta": "1.65746 0.880369 0.521229",
    "k": "9.22387 6.26952 4.837"
}, {
    "filename": "Mesh023.gem",
    "world": [1.0, 0.0, 0.0, 0.0, 0.0, 1.0, 0.0, 0.0, 0.0, 0.0, -1.0, 0.0, 0.0, 0.0, 0.0, 1.0],
    "bsdf": "plastic",
    "roughness": "0.003803723578239983",
    "intIOR": "1.5",
    "extIOR": "1",
    "reflectance": "0.00631_0.00631_0.00631_1.0.png"
}, {
    "filename": "Mesh022.gem",
    "world": [1.0, 0.0, 0.0, 0.0, 0.0, 1.0, 0.0, 0.0, 0.0, 0.0, -1.0, 0.0, 0.0, 0.0, 0.0, 1.0],
    "bsdf": "conductor",
    "roughness": "0.003803723578239983",
    "extEta": "1",
    "reflectance": "0.578596_0.578596_0.578596_1.0.png",
    "eta": "1.65746 0.880369 0.521229",
    "k": "9.22387 6.26952 4.837"
}, {
    "filename": "Mesh020.gem",
    "world": [1.0, 0.0, 0.0, 0.0, 0.0, 1.0, 0.0, 0.0, 0.0, 0.0, -1.0, 0.0, 0.0, 0.0, 0.0, 1.0],
    "bsdf": "plastic",
    "roughness": "0.003803723578239983",
    "intIOR": "1.5",
    "extIOR": "1",
    "reflectance": "0.00631_0.00631_0.00631_1.0.png"
}, {
    "filename": "Mesh084.gem",
    "world": [1.0, 0.0, 0.0, 0.0, 0.0, 1.0, 0.0, 0.0, 0.0, 0.0, -1.0, 0.0, 0.0, 0.0, 0.0, 1.0],
    "bsdf": "plastic",
    "roughness": "0.002434383090073589",
    "intIOR": "1.5",
    "extIOR": "1",
    "reflectance": "0.015396_0.015396_0.015396_1.0.png"
}, {
    "filename": "Mesh019.gem",
    "world": [1.0, 0.0, 0.0, 0.0, 0.0, 1.0, 0.0, 0.0, 0.0, 0.0, -1.0, 0.0, 0.0, 0.0, 0.0, 1.0],
    "bsdf": "conductor",
    "roughness": "0.003803723578239983",
    "extEta": "1",
    "reflectance": "1_1_1_1.0.png",
    "eta": "4.36968 2.9167 1.6547",
    "k": "5.20643 4.23136 3.75495"
}, {
    "filename": "Mesh017.gem",
    "world": [1.0, 0.0, 0.0, 0.0, 0.0, 1.0, 0.0, 0.0, 0.0, 0.0, -1.0, 0.0, 0.0, 0.0, 0.0, 1.0],
    "bsdf": "conductor",
    "roughness": "0.003803723578239983",
    "extEta": "1",
    "reflectance": "1_1_1_1.0.png",
    "eta": "4.36968 2.9167 1.6547",
    "k": "5.20643 4.23136 3.75495"
}, {
    "filename": "Mesh280.gem",
    "world": [1.0, 0.0, 0.0, 0.0, 0.0, 1.0, 0.0, 0.0, 0.0, 0.0, -1.0, 0.0, 0.0, 0.0, 0.0, 1.0],
    "bsdf": "plastic",
    "roughness": "0.002434383090073589",
    "intIOR": "1.5",
    "extIOR": "1",
    "reflectance": "0.015396_0.015396_0.015396_1.0.png"
}, {
    "filename": "Mesh015.gem",
    "world": [1.0, 0.0, 0.0, 0.0, 0.0, 1.0, 0.0, 0.0, 0.0, 0.0, -1.0, 0.0, 0.0, 0.0, 0.0, 1.0],
    "bsdf": "plastic",
    "roughness": "0.002434383090073589",
    "intIOR": "1.5",
    "extIOR": "1",
    "reflectance": "0.015396_0.015396_0.015396_1.0.png"
}, {
    "filename": "Mesh014.gem",
    "world": [1.0, 0.0, 0.0, 0.0, 0.0, 1.0, 0.0, 0.0, 0.0, 0.0, -1.0, 0.0, 0.0, 0.0, 0.0, 1.0],
    "bsdf": "conductor",
    "roughness": "0.003803723578239983",
    "extEta": "1",
    "reflectance": "1_1_1_1.0.png",
    "eta": "4.36968 2.9167 1.6547",
    "k": "5.20643 4.23136 3.75495"
}, {
    "filename": "Mesh090.gem",
    "world": [1.0, 0.0, 0.0, 0.0, 0.0, 1.0, 0.0, 0.0, 0.0, 0.0, -1.0, 0.0, 0.0, 0.0, 0.0, 1.0],
    "bsdf": "plastic",
    "roughness": "0.002434383090073589",
    "intIOR": "1.5",
    "extIOR": "1",
    "reflectance": "0.015396_0.015396_0.015396_1.0.png"
}, {
    "filename": "Mesh206.gem",
    "world": [1.0, 0.0, 0.0, 0.0, 0.0, 1.0, 0.0, 0.0, 0.0, 0.0, -1.0, 0.0, 0.0, 0.0, 0.0, 1.0],
    "bsdf": "glass",
    "reflectance": "1_1_1.png"
}, {
    "filename": "Mesh228.gem",
    "world": [1.0, 0.0, 0.0, 0.0, 0.0, 1.0, 0.0, 0.0, 0.0, 0.0, -1.0, 0.0, 0.0, 0.0, 0.0, 1.0],
    "bsdf": "diffuse",
    "reflectance": "0.547857_0.547857_0.547857_1.0.png"
}, {
    "filename": "Mesh111.gem",
    "world": [1.0, 0.0, 0.0, 0.0, 0.0, 1.0, 0.0, 0.0, 0.0, 0.0, -1.0, 0.0, 0.0, 0.0, 0.0, 1.0],
    "bsdf": "diffuse",
    "reflectance": "0.547857_0.547857_0.547857_1.0.png"
}, {
    "filename": "Mesh168.gem",
    "world": [1.0, 0.0, 0.0, 0.0, 0.0, 1.0, 0.0, 0.0, 0.0, 0.0, -1.0, 0.0, 0.0, 0.0, 0.0, 1.0],
    "bsdf": "conductor",
    "roughness": "0.002434383090073589",
    "extEta": "1",
    "reflectance": "0.578596_0.578596_0.578596_1.0.png",
    "eta": "4.36968 2.9167 1.6547",
    "k": "5.20643 4.23136 3.75495"
}, {
    "filename": "Mesh148.gem",
    "world": [1.0, 0.0, 0.0, 0.0, 0.0, 1.0, 0.0, 0.0, 0.0, 0.0, -1.0, 0.0, 0.0, 0.0, 0.0, 1.0],
    "bsdf": "diffuse",
    "reflectance": "0.547857_0.547857_0.547857_1.0.png"
}, {
    "filename": "Mesh013.gem",
    "world": [1.0, 0.0, 0.0, 0.0, 0.0, 1.0, 0.0, 0.0, 0.0, 0.0, -1.0, 0.0, 0.0, 0.0, 0.0, 1.0],
    "bsdf": "diffuse",
    "reflectance": "0.547857_0.547857_0.547857_1.0.png"
}, {
    "filename": "Mesh012.gem",
    "world": [1.0, 0.0, 0.0, 0.0, 0.0, 1.0, 0.0, 0.0, 0.0, 0.0, -1.0, 0.0, 0.0, 0.0, 0.0, 1.0],
    "bsdf": "diffuse",
    "reflectance": "0.547857_0.547857_0.547857_1.0.png"
}, {
    "filename": "Mesh158.gem",
    "world": [1.0, 0.0, 0.0, 0.0, 0.0, 1.0, 0.0, 0.0, 0.0, 0.0, -1.0, 0.0, 0.0, 0.0, 0.0, 1.0],
    "bsdf": "plastic",
    "roughness": "0.003803723578239983",
    "intIOR": "1.5",
    "extIOR": "1",
    "reflectance": "Worktopt-light.jpg"
}, {
    "filename": "Mesh237.gem",
    "world": [1.0, 0.0, 0.0, 0.0, 0.0, 1.0, 0.0, 0.0, 0.0, 0.0, -1.0, 0.0, 0.0, 0.0, 0.0, 1.0],
    "bsdf": "plastic",
    "roughness": "0.003803723578239983",
    "intIOR": "1.5",
    "extIOR": "1",
    "reflectance": "Worktopt-light.jpg"
}, {
    "filename": "Mesh011.gem",
    "world": [1.0, 0.0, 0.0, 0.0, 0.0, 1.0, 0.0, 0.0, 0.0, 0.0, -1.0, 0.0, 0.0, 0.0, 0.0, 1.0],
    "bsdf": "diffuse",
    "reflectance": "0.547857_0.547857_0.547857_1.0.png"
}, {
    "filename": "Mesh018.gem",
    "world": [1.0, 0.0, 0.0, 0.0, 0.0, 1.0, 0.0, 0.0, 0.0, 0.0, -1.0, 0.0, 0.0, 0.0, 0.0, 1.0],
    "bsdf": "diffuse",
    "reflectance": "0.547857_0.547857_0.547857_1.0.png"
}, {
    "filename": "Mesh262.gem",
    "world": [1.0, 0.0, 0.0, 0.0, 0.0, 1.0, 0.0, 0.0, 0.0, 0.0, -1.0, 0.0, 0.0, 0.0, 0.0, 1.0],
    "bsdf": "diffuse",
    "reflectance": "1_1_1_1.0.png"
}, {
    "filename": "Mesh010.gem",
    "world": [1.0, 0.0, 0.0, 0.0, 0.0, 1.0, 0.0, 0.0, 0.0, 0.0, -1.0, 0.0, 0.0, 0.0, 0.0, 1.0],
    "bsdf": "diffuse",
    "reflectance": "1_1_1_1.0.png"
}, {
    "filename": "Mesh212.gem",
    "world": [1.0, 0.0, 0.0, 0.0, 0.0, 1.0, 0.0, 0.0, 0.0, 0.0, -1.0, 0.0, 0.0, 0.0, 0.0, 1.0],
    "bsdf": "diffuse",
    "reflectance": "0.047366_0.047366_0.047366_1.0.png"
}, {
    "filename": "Mesh156.gem",
    "world": [1.0, 0.0, 0.0, 0.0, 0.0, 1.0, 0.0, 0.0, 0.0, 0.0, -1.0, 0.0, 0.0, 0.0, 0.0, 1.0],
    "bsdf": "diffuse",
    "reflectance": "0.578596_0.578596_0.578596_1.0.png"
}, {
    "filename": "Mesh151.gem",
    "world": [1.0, 0.0, 0.0, 0.0, 0.0, 1.0, 0.0, 0.0, 0.0, 0.0, -1.0, 0.0, 0.0, 0.0, 0.0, 1.0],
    "bsdf": "diffuse",
    "reflectance": "0.217638_0.217638_0.217638_1.0.png"
}, {
    "filename": "Mesh009.gem",
    "world": [1.0, 0.0, 0.0, 0.0, 0.0, 1.0, 0.0, 0.0, 0.0, 0.0, -1.0, 0.0, 0.0, 0.0, 0.0, 1.0],
    "bsdf": "diffuse",
    "reflectance": "0.578596_0.578596_0.578596_1.0.png"
}, {
    "filename": "Mesh110.gem",
    "world": [1.0, 0.0, 0.0, 0.0, 0.0, 1.0, 0.0, 0.0, 0.0, 0.0, -1.0, 0.0, 0.0, 0.0, 0.0, 1.0],
    "bsdf": "diffuse",
    "reflectance": "0.612066_0.499505_0.378676_0.612066.png"
}, {
    "filename": "Mesh118.gem",
    "world": [1.0, 0.0, 0.0, 0.0, 0.0, 1.0, 0.0, 0.0, 0.0, 0.0, -1.0, 0.0, 0.0, 0.0, 0.0, 1.0],
    "bsdf": "diffuse",
    "reflectance": "0.047366_0.047366_0.047366_1.0.png"
}, {
    "filename": "Mesh008.gem",
    "world": [1.0, 0.0, 0.0, 0.0, 0.0, 1.0, 0.0, 0.0, 0.0, 0.0, -1.0, 0.0, 0.0, 0.0, 0.0, 1.0],
    "bsdf": "diffuse",
    "reflectance": "0.047366_0.047366_0.047366_1.0.png"
}, {
    "filename": "Mesh007.gem",
    "world": [1.0, 0.0, 0.0, 0.0, 0.0, 1.0, 0.0, 0.0, 0.0, 0.0, -1.0, 0.0, 0.0, 0.0, 0.0, 1.0],
    "bsdf": "diffuse",
    "reflectance": "0.612066_0.499505_0.378676_0.612066.png"
}, {
    "filename": "Mesh250.gem",
    "world": [1.0, 0.0, 0.0, 0.0, 0.0, 1.0, 0.0, 0.0, 0.0, 0.0, -1.0, 0.0, 0.0, 0.0, 0.0, 1.0],
    "bsdf": "diffuse",
    "reflectance": "0.389509_0.372589_0.293747_1.0.png"
}, {
    "filename": "Mesh021.gem",
    "world": [1.0, 0.0, 0.0, 0.0, 0.0, 1.0, 0.0, 0.0, 0.0, 0.0, -1.0, 0.0, 0.0, 0.0, 0.0, 1.0],
    "bsdf": "diffuse",
    "reflectance": "0.64_0.600153_0.43449_1.0.png"
}, {
    "filename": "Mesh205.gem",
    "world": [1.0, 0.0, 0.0, 0.0, 0.0, 1.0, 0.0, 0.0, 0.0, 0.0, -1.0, 0.0, 0.0, 0.0, 0.0, 1.0],
    "bsdf": "conductor",
    "roughness": "0.003803723578239983",
    "extEta": "1",
    "reflectance": "1_1_1_1.0.png",
    "eta": "1.65746 0.880369 0.521229",
    "k": "9.22387 6.26952 4.837"
}, {
    "filename": "Mesh067.gem",
    "world": [1.0, 0.0, 0.0, 0.0, 0.0, 1.0, 0.0, 0.0, 0.0, 0.0, -1.0, 0.0, 0.0, 0.0, 0.0, 1.0],
    "bsdf": "conductor",
    "roughness": "0.003803723578239983",
    "extEta": "1",
    "reflectance": "1_1_1_1.0.png",
    "eta": "1.65746 0.880369 0.521229",
    "k": "9.22387 6.26952 4.837"
}, {
    "filename": "Mesh283.gem",
    "world": [1.0, 0.0, 0.0, 0.0, 0.0, 1.0, 0.0, 0.0, 0.0, 0.0, -1.0, 0.0, 0.0, 0.0, 0.0, 1.0],
    "bsdf": "mirror",
    "reflectance": "1_1_1.png"
}, {
    "filename": "Mesh005.gem",
    "world": [1.0, 0.0, 0.0, 0.0, 0.0, 1.0, 0.0, 0.0, 0.0, 0.0, -1.0, 0.0, 0.0, 0.0, 0.0, 1.0],
    "bsdf": "diffuse",
    "reflectance": "radio-dial-idea.jpg"
}, {
    "filename": "Mesh016.gem",
    "world": [1.0, 0.0, 0.0, 0.0, 0.0, 1.0, 0.0, 0.0, 0.0, 0.0, -1.0, 0.0, 0.0, 0.0, 0.0, 1.0],
    "bsdf": "conductor",
    "roughness": "0.003803723578239983",
    "extEta": "1",
    "reflectance": "1_1_1_1.0.png",
    "eta": "4.36968 2.9167 1.6547",
    "k": "5.20643 4.23136 3.75495"
}, {
    "filename": "Mesh265.gem",
    "world": [1.0, 0.0, 0.0, 0.0, 0.0, 1.0, 0.0, 0.0, 0.0, 0.0, -1.0, 0.0, 0.0, 0.0, 0.0, 1.0],
    "bsdf": "glass",
    "intIOR": "1.5",
    "extIOR": "1",
    "reflectance": "1_1_1.png"
}, {
    "filename": "Mesh006.gem",
    "world": [1.0, 0.0, 0.0, 0.0, 0.0, 1.0, 0.0, 0.0, 0.0, 0.0, -1.0, 0.0, 0.0, 0.0, 0.0, 1.0],
    "bsdf": "diffuse",
    "reflectance": "0.64_0.600153_0.43449_1.0.png"
}, {
    "filename": "Mesh004.gem",
    "world": [1.0, 0.0, 0.0, 0.0, 0.0, 1.0, 0.0, 0.0, 0.0, 0.0, -1.0, 0.0, 0.0, 0.0, 0.0, 1.0],
    "bsdf": "diffuse",
    "reflectance": "0.64_0.600153_0.43449_1.0.png"
}, {
    "filename": "Mesh060.gem",
    "world": [1.0, 0.0, 0.0, 0.0, 0.0, 1.0, 0.0, 0.0, 0.0, 0.0, -1.0, 0.0, 0.0, 0.0, 0.0, 1.0],
    "bsdf": "diffuse",
    "reflectance": "0.64_0.64_0.64_1.0.png"
}, {
    "filename": "Mesh123.gem",
    "world": [1.0, 0.0, 0.0, 0.0, 0.0, 1.0, 0.0, 0.0, 0.0, 0.0, -1.0, 0.0, 0.0, 0.0, 0.0, 1.0],
    "bsdf": "diffuse",
    "reflectance": "0.64_0.600153_0.43449_1.0.png"
}, {
    "filename": "Mesh160.gem",
    "world": [1.0, 0.0, 0.0, 0.0, 0.0, 1.0, 0.0, 0.0, 0.0, 0.0, -1.0, 0.0, 0.0, 0.0, 0.0, 1.0],
    "bsdf": "diffuse",
    "reflectance": "0.015078_0.015078_0.015078_1.0.png"
}, {
    "filename": "Mesh051.gem",
    "world": [1.0, 0.0, 0.0, 0.0, 0.0, 1.0, 0.0, 0.0, 0.0, 0.0, -1.0, 0.0, 0.0, 0.0, 0.0, 1.0],
    "bsdf": "diffuse",
    "reflectance": "0.358375_0.300936_0.128617_1.0.png"
}, {
    "filename": "Mesh003.gem",
    "world": [1.0, 0.0, 0.0, 0.0, 0.0, 1.0, 0.0, 0.0, 0.0, 0.0, -1.0, 0.0, 0.0, 0.0, 0.0, 1.0],
    "bsdf": "diffuse",
    "reflectance": "0.066822_0.028495_0.013827_1.0.png"
}, {
    "filename": "Mesh002.gem",
    "world": [1.0, 0.0, 0.0, 0.0, 0.0, 1.0, 0.0, 0.0, 0.0, 0.0, -1.0, 0.0, 0.0, 0.0, 0.0, 1.0],
    "bsdf": "mirror",
    "reflectance": "1_1_1.png"
}, {
    "filename": "Mesh001.gem",
    "world": [1.0, 0.0, 0.0, 0.0, 0.0, 1.0, 0.0, 0.0, 0.0, 0.0, -1.0, 0.0, 0.0, 0.0, 0.0, 1.0],
    "bsdf": "mirror",
    "reflectance": "1_1_1.png"
}, {
    "filename": "Mesh036.gem",
    "world": [1.0, 0.0, 0.0, 0.0, 0.0, 1.0, 0.0, 0.0, 0.0, 0.0, -1.0, 0.0, 0.0, 0.0, 0.0, 1.0],
    "bsdf": "plastic",
    "roughness": "0",
    "intIOR": "1.5",
    "extIOR": "1",
    "reflectance": "0.578596_0.578596_0.578596_1.0.png"
}, {
    "filename": "Mesh070.gem",
    "world": [1.0, 0.0, 0.0, 0.0, 0.0, 1.0, 0.0, 0.0, 0.0, 0.0, -1.0, 0.0, 0.0, 0.0, 0.0, 1.0],
    "bsdf": "diffuse",
    "reflectance": "Tea-Towel.jpg"
}, {
    "filename": "Mesh101.gem",
    "world": [1.0, 0.0, 0.0, 0.0, 0.0, 1.0, 0.0, 0.0, 0.0, 0.0, -1.0, 0.0, 0.0, 0.0, 0.0, 1.0],
    "bsdf": "diffuse",
    "reflectance": "Tea-Towel.jpg"
}, {
    "filename": "Mesh000.gem",
    "world": [1.0, 0.0, 0.0, 0.0, 0.0, 1.0, 0.0, 0.0, 0.0, 0.0, -1.0, 0.0, 0.0, 0.0, 0.0, 1.0],
    "bsdf": "diffuse",
    "reflectance": "0.571765_0.563535_0.559972_1.0.png"
}, {
    "filename": "Mesh217.gem",
    "world": [1.0, 0.0, 0.0, 0.0, 0.0, 1.0, 0.0, 0.0, 0.0, 0.0, -1.0, 0.0, 0.0, 0.0, 0.0, 1.0],
    "bsdf": "diffuse",
    "reflectance": "0.578596_0.578596_0.578596_1.0.png"
}, {
    "filename": "Rectangle.gem",
    "world": [0.811764, 1.25471e-14, 5.48452e-22, 0.060314, -9.254e-15, 1.10064, 6.63724e-09, 1.97379, 0.0, 5.90839e-08, 0.549328, -3.1173, 0.0, 0.0, 0.0, 1.0],
    "bsdf": "diffuse",
    "reflectance": "0 0 0_1.0.png",
    "emission": "16.032 16.032 16.032"
}, {
    "filename": "Rectangle.gem",
    "world": [-0.0290284, 3.30012e-15, -7.54979e-08, -2.38843, 4.38317e-09, 2.18557e-08, -0.5, 1.6129, 0.0, -0.244301, -1.06788e-08, -1.04852, 0.0, 0.0, 0.0, 1.0],
    "bsdf": "diffuse",
    "reflectance": "0 0 0_1.0.png",
    "emission": "11.2212 11.2212 11.2212"
}, {
    "filename": "Rectangle.gem",
    "world": [-0.0290284, 3.30012e-15, -7.54979e-08, -2.38843, 4.38317e-09, 2.18557e-08, -0.5, 1.6129, 0.0, -0.244301, -1.06788e-08, -1.58497, 0.0, 0.0, 0.0, 1.0],
    "bsdf": "diffuse",
    "reflectance": "0 0 0_1.0.png",
    "emission": "11.2212 11.2212 11.2212"
}, {
    "filename": "Rectangle.gem",
    "world": [-0.0290284, 3.30012e-15, -7.54979e-08, -2.38843, 4.38317e-09, 2.18557e-08, -0.5, 1.6129, 0.0, -0.244301, -1.06788e-08, -2.14209, 0.0, 0.0, 0.0, 1.0],
    "bsdf": "diffuse",
    "reflectance": "0 0 0_1.0.png",
    "emission": "11.2212 11.2212 11.2212"
}]
}