{
    "width": "1280",
    "height": "720",
    "fov": "35.0",
    "from": "-22.427547 1.230238 16.354765",
    "to": "-21.761051000000002 1.38226 15.624921",
    "up": "-0.102514 0.988377 0.112257",
    "envmap": "Sky.hdr",
    "instances": [{
    "filename": "Mesh116.gem",
    "world": [1.0, 0.0, 0.0, 0.0, 0.0, 1.0, 0.0, 0.0, 0.0, 0.0, -1.0, 0.0, 0.0, 0.0, 0.0, 1.0],
    "bsdf": "diffuse",
    "reflectance": "0.8_0.8_0.8_1.0.png"
}, {
    "filename": "Mesh062.gem",
    "world": [1.0, 0.0, 0.0, 0.0, 0.0, 1.0, 0.0, 0.0, 0.0, 0.0, -1.0, 0.0, 0.0, 0.0, 0.0, 1.0],
    "bsdf": "diffuse",
    "reflectance": "0.8_0.8_0.8_1.0.png"
}, {
    "filename": "Mesh112.gem",
    "world": [1.0, 0.0, 0.0, 0.0, 0.0, 1.0, 0.0, 0.0, 0.0, 0.0, -1.0, 0.0, 0.0, 0.0, 0.0, 1.0],
    "bsdf": "diffuse",
    "reflectance": "0.416131_0.391048_0.383141_1.0.png"
}, {
    "filename": "Mesh110.gem",
    "world": [1.0, 0.0, 0.0, 0.0, 0.0, 1.0, 0.0, 0.0, 0.0, 0.0, -1.0, 0.0, 0.0, 0.0, 0.0, 1.0],
    "bsdf": "diffuse",
    "reflectance": "0.575677_0.578596_0.563447_1.0.png"
}, {
    "filename": "Mesh125.gem",
    "world": [1.0, 0.0, 0.0, 0.0, 0.0, 1.0, 0.0, 0.0, 0.0, 0.0, -1.0, 0.0, 0.0, 0.0, 0.0, 1.0],
    "bsdf": "diffuse",
    "reflectance": "0.688883_0.688883_0.688883_1.0.png"
}, {
    "filename": "Mesh096.gem",
    "world": [1.0, 0.0, 0.0, 0.0, 0.0, 1.0, 0.0, 0.0, 0.0, 0.0, -1.0, 0.0, 0.0, 0.0, 0.0, 1.0],
    "bsdf": "diffuse",
    "reflectance": "Tiles.jpg"
}, {
    "filename": "Mesh118.gem",
    "world": [1.0, 0.0, 0.0, 0.0, 0.0, 1.0, 0.0, 0.0, 0.0, 0.0, -1.0, 0.0, 0.0, 0.0, 0.0, 1.0],
    "bsdf": "diffuse",
    "reflectance": "0.688883_0.688883_0.688883_1.0.png"
}, {
    "filename": "Mesh109.gem",
    "world": [1.0, 0.0, 0.0, 0.0, 0.0, 1.0, 0.0, 0.0, 0.0, 0.0, -1.0, 0.0, 0.0, 0.0, 0.0, 1.0],
    "bsdf": "diffuse",
    "reflectance": "0.688883_0.688883_0.688883_1.0.png"
}, {
    "filename": "Mesh104.gem",
    "world": [1.0, 0.0, 0.0, 0.0, 0.0, 1.0, 0.0, 0.0, 0.0, 0.0, -1.0, 0.0, 0.0, 0.0, 0.0, 1.0],
    "bsdf": "diffuse",
    "reflectance": "0.381008_0.434047_0.45162_1.0.png"
}, {
    "filename": "Mesh255.gem",
    "world": [1.0, 0.0, 0.0, 0.0, 0.0, 1.0, 0.0, 0.0, 0.0, 0.0, -1.0, 0.0, 0.0, 0.0, 0.0, 1.0],
    "bsdf": "diffuse",
    "reflectance": "0.028991_0.028991_0.028991_1.0.png"
}, {
    "filename": "Mesh185.gem",
    "world": [1.0, 0.0, 0.0, 0.0, 0.0, 1.0, 0.0, 0.0, 0.0, 0.0, -1.0, 0.0, 0.0, 0.0, 0.0, 1.0],
    "bsdf": "diffuse",
    "reflectance": "0.8_0.8_0.8_1.0.png"
}, {
    "filename": "Mesh138.gem",
    "world": [1.0, 0.0, 0.0, 0.0, 0.0, 1.0, 0.0, 0.0, 0.0, 0.0, -1.0, 0.0, 0.0, 0.0, 0.0, 1.0],
    "bsdf": "diffuse",
    "reflectance": "0.426695_0.375011_0.363006_1.0.png"
}, {
    "filename": "Mesh069.gem",
    "world": [1.0, 0.0, 0.0, 0.0, 0.0, 1.0, 0.0, 0.0, 0.0, 0.0, -1.0, 0.0, 0.0, 0.0, 0.0, 1.0],
    "bsdf": "diffuse",
    "reflectance": "0.688883_0.688883_0.688883_1.0.png"
}, {
    "filename": "Mesh103.gem",
    "world": [1.0, 0.0, 0.0, 0.0, 0.0, 1.0, 0.0, 0.0, 0.0, 0.0, -1.0, 0.0, 0.0, 0.0, 0.0, 1.0],
    "bsdf": "glass",
    "intIOR": "1.5",
    "extIOR": "1",
    "reflectance": "1_1_1.png"
}, {
    "filename": "Mesh106.gem",
    "world": [1.0, 0.0, 0.0, 0.0, 0.0, 1.0, 0.0, 0.0, 0.0, 0.0, -1.0, 0.0, 0.0, 0.0, 0.0, 1.0],
    "bsdf": "diffuse",
    "reflectance": "0.079484_0.080011_0.078957_1.0.png"
}, {
    "filename": "Mesh101.gem",
    "world": [1.0, 0.0, 0.0, 0.0, 0.0, 1.0, 0.0, 0.0, 0.0, 0.0, -1.0, 0.0, 0.0, 0.0, 0.0, 1.0],
    "bsdf": "diffuse",
    "reflectance": "0.578596_0.578596_0.578596_1.0.png"
}, {
    "filename": "Mesh100.gem",
    "world": [1.0, 0.0, 0.0, 0.0, 0.0, 1.0, 0.0, 0.0, 0.0, 0.0, -1.0, 0.0, 0.0, 0.0, 0.0, 1.0],
    "bsdf": "diffuse",
    "reflectance": "0.502314_0.441461_0.313963_1.0.png"
}, {
    "filename": "Mesh061.gem",
    "world": [1.0, 0.0, 0.0, 0.0, 0.0, 1.0, 0.0, 0.0, 0.0, 0.0, -1.0, 0.0, 0.0, 0.0, 0.0, 1.0],
    "bsdf": "diffuse",
    "reflectance": "0.698193_0.603565_0.426615_1.0.png"
}, {
    "filename": "Mesh145.gem",
    "world": [1.0, 0.0, 0.0, 0.0, 0.0, 1.0, 0.0, 0.0, 0.0, 0.0, -1.0, 0.0, 0.0, 0.0, 0.0, 1.0],
    "bsdf": "diffuse",
    "reflectance": "0.416131_0.391048_0.383141_1.0.png"
}, {
    "filename": "Mesh151.gem",
    "world": [1.0, 0.0, 0.0, 0.0, 0.0, 1.0, 0.0, 0.0, 0.0, 0.0, -1.0, 0.0, 0.0, 0.0, 0.0, 1.0],
    "bsdf": "diffuse",
    "reflectance": "0.575677_0.578596_0.563447_1.0.png"
}, {
    "filename": "Mesh094.gem",
    "world": [1.0, 0.0, 0.0, 0.0, 0.0, 1.0, 0.0, 0.0, 0.0, 0.0, -1.0, 0.0, 0.0, 0.0, 0.0, 1.0],
    "bsdf": "diffuse",
    "reflectance": "0.688883_0.688883_0.688883_1.0.png"
}, {
    "filename": "Mesh141.gem",
    "world": [1.0, 0.0, 0.0, 0.0, 0.0, 1.0, 0.0, 0.0, 0.0, 0.0, -1.0, 0.0, 0.0, 0.0, 0.0, 1.0],
    "bsdf": "glass",
    "intIOR": "1.5",
    "extIOR": "1",
    "reflectance": "1_1_1.png"
}, {
    "filename": "Mesh143.gem",
    "world": [1.0, 0.0, 0.0, 0.0, 0.0, 1.0, 0.0, 0.0, 0.0, 0.0, -1.0, 0.0, 0.0, 0.0, 0.0, 1.0],
    "bsdf": "diffuse",
    "reflectance": "0.688883_0.688883_0.688883_1.0.png"
}, {
    "filename": "Mesh152.gem",
    "world": [1.0, 0.0, 0.0, 0.0, 0.0, 1.0, 0.0, 0.0, 0.0, 0.0, -1.0, 0.0, 0.0, 0.0, 0.0, 1.0],
    "bsdf": "diffuse",
    "reflectance": "0.381008_0.434047_0.45162_1.0.png"
}, {
    "filename": "Mesh168.gem",
    "world": [1.0, 0.0, 0.0, 0.0, 0.0, 1.0, 0.0, 0.0, 0.0, 0.0, -1.0, 0.0, 0.0, 0.0, 0.0, 1.0],
    "bsdf": "diffuse",
    "reflectance": "0.578596_0.578596_0.578596_1.0.png"
}, {
    "filename": "Mesh068.gem",
    "world": [1.0, 0.0, 0.0, 0.0, 0.0, 1.0, 0.0, 0.0, 0.0, 0.0, -1.0, 0.0, 0.0, 0.0, 0.0, 1.0],
    "bsdf": "diffuse",
    "reflectance": "0.8_0.0619_0.031334_1.0.png"
}, {
    "filename": "Mesh160.gem",
    "world": [1.0, 0.0, 0.0, 0.0, 0.0, 1.0, 0.0, 0.0, 0.0, 0.0, -1.0, 0.0, 0.0, 0.0, 0.0, 1.0],
    "bsdf": "diffuse",
    "reflectance": "0.052861_0.138432_0.799103_1.0.png"
}, {
    "filename": "Mesh162.gem",
    "world": [1.0, 0.0, 0.0, 0.0, 0.0, 1.0, 0.0, 0.0, 0.0, 0.0, -1.0, 0.0, 0.0, 0.0, 0.0, 1.0],
    "bsdf": "diffuse",
    "reflectance": "0.393113_0.295146_0.217308_1.0.png"
}, {
    "filename": "Mesh167.gem",
    "world": [1.0, 0.0, 0.0, 0.0, 0.0, 1.0, 0.0, 0.0, 0.0, 0.0, -1.0, 0.0, 0.0, 0.0, 0.0, 1.0],
    "bsdf": "diffuse",
    "reflectance": "0.416131_0.401572_0.395541_1.0.png"
}, {
    "filename": "Mesh212.gem",
    "world": [1.0, 0.0, 0.0, 0.0, 0.0, 1.0, 0.0, 0.0, 0.0, 0.0, -1.0, 0.0, 0.0, 0.0, 0.0, 1.0],
    "bsdf": "diffuse",
    "reflectance": "0.688883_0.688883_0.688883_1.0.png"
}, {
    "filename": "Mesh250.gem",
    "world": [1.0, 0.0, 0.0, 0.0, 0.0, 1.0, 0.0, 0.0, 0.0, 0.0, -1.0, 0.0, 0.0, 0.0, 0.0, 1.0],
    "bsdf": "diffuse",
    "reflectance": "0.079484_0.080011_0.078957_1.0.png"
}, {
    "filename": "Mesh149.gem",
    "world": [1.0, 0.0, 0.0, 0.0, 0.0, 1.0, 0.0, 0.0, 0.0, 0.0, -1.0, 0.0, 0.0, 0.0, 0.0, 1.0],
    "bsdf": "diffuse",
    "reflectance": "0.578596_0.578596_0.578596_1.0.png"
}, {
    "filename": "Mesh114.gem",
    "world": [1.0, 0.0, 0.0, 0.0, 0.0, 1.0, 0.0, 0.0, 0.0, 0.0, -1.0, 0.0, 0.0, 0.0, 0.0, 1.0],
    "bsdf": "diffuse",
    "reflectance": "0.688883_0.688883_0.688883_1.0.png"
}, {
    "filename": "Mesh248.gem",
    "world": [1.0, 0.0, 0.0, 0.0, 0.0, 1.0, 0.0, 0.0, 0.0, 0.0, -1.0, 0.0, 0.0, 0.0, 0.0, 1.0],
    "bsdf": "diffuse",
    "reflectance": "0.688883_0.688883_0.688883_1.0.png"
}, {
    "filename": "Mesh115.gem",
    "world": [1.0, 0.0, 0.0, 0.0, 0.0, 1.0, 0.0, 0.0, 0.0, 0.0, -1.0, 0.0, 0.0, 0.0, 0.0, 1.0],
    "bsdf": "diffuse",
    "reflectance": "0.000273_0.000273_0.000273_1.0.png"
}, {
    "filename": "Mesh146.gem",
    "world": [1.0, 0.0, 0.0, 0.0, 0.0, 1.0, 0.0, 0.0, 0.0, 0.0, -1.0, 0.0, 0.0, 0.0, 0.0, 1.0],
    "bsdf": "glass",
    "intIOR": "1.5",
    "extIOR": "1",
    "reflectance": "1_1_1.png"
}, {
    "filename": "Mesh137.gem",
    "world": [1.0, 0.0, 0.0, 0.0, 0.0, 1.0, 0.0, 0.0, 0.0, 0.0, -1.0, 0.0, 0.0, 0.0, 0.0, 1.0],
    "bsdf": "glass",
    "intIOR": "1.5",
    "extIOR": "1",
    "reflectance": "1_1_1.png"
}, {
    "filename": "Mesh155.gem",
    "world": [1.0, 0.0, 0.0, 0.0, 0.0, 1.0, 0.0, 0.0, 0.0, 0.0, -1.0, 0.0, 0.0, 0.0, 0.0, 1.0],
    "bsdf": "diffuse",
    "reflectance": "0.688883_0.688883_0.688883_1.0.png"
}, {
    "filename": "Mesh131.gem",
    "world": [1.0, 0.0, 0.0, 0.0, 0.0, 1.0, 0.0, 0.0, 0.0, 0.0, -1.0, 0.0, 0.0, 0.0, 0.0, 1.0],
    "bsdf": "glass",
    "intIOR": "1.5",
    "extIOR": "1",
    "reflectance": "1_1_1.png"
}, {
    "filename": "Mesh147.gem",
    "world": [1.0, 0.0, 0.0, 0.0, 0.0, 1.0, 0.0, 0.0, 0.0, 0.0, -1.0, 0.0, 0.0, 0.0, 0.0, 1.0],
    "bsdf": "diffuse",
    "reflectance": "0.079484_0.080011_0.078957_1.0.png"
}, {
    "filename": "Mesh139.gem",
    "world": [1.0, 0.0, 0.0, 0.0, 0.0, 1.0, 0.0, 0.0, 0.0, 0.0, -1.0, 0.0, 0.0, 0.0, 0.0, 1.0],
    "bsdf": "diffuse",
    "reflectance": "0.578596_0.578596_0.578596_1.0.png"
}, {
    "filename": "Mesh053.gem",
    "world": [1.0, 0.0, 0.0, 0.0, 0.0, 1.0, 0.0, 0.0, 0.0, 0.0, -1.0, 0.0, 0.0, 0.0, 0.0, 1.0],
    "bsdf": "diffuse",
    "reflectance": "0.578596_0.578596_0.578596_1.0.png"
}, {
    "filename": "Mesh111.gem",
    "world": [1.0, 0.0, 0.0, 0.0, 0.0, 1.0, 0.0, 0.0, 0.0, 0.0, -1.0, 0.0, 0.0, 0.0, 0.0, 1.0],
    "bsdf": "diffuse",
    "reflectance": "0.688883_0.688883_0.688883_1.0.png"
}, {
    "filename": "Mesh173.gem",
    "world": [1.0, 0.0, 0.0, 0.0, 0.0, 1.0, 0.0, 0.0, 0.0, 0.0, -1.0, 0.0, 0.0, 0.0, 0.0, 1.0],
    "bsdf": "diffuse",
    "reflectance": "0.079484_0.080011_0.078957_1.0.png"
}, {
    "filename": "Mesh051.gem",
    "world": [1.0, 0.0, 0.0, 0.0, 0.0, 1.0, 0.0, 0.0, 0.0, 0.0, -1.0, 0.0, 0.0, 0.0, 0.0, 1.0],
    "bsdf": "diffuse",
    "reflectance": "0.578596_0.578596_0.578596_1.0.png"
}, {
    "filename": "Mesh092.gem",
    "world": [1.0, 0.0, 0.0, 0.0, 0.0, 1.0, 0.0, 0.0, 0.0, 0.0, -1.0, 0.0, 0.0, 0.0, 0.0, 1.0],
    "bsdf": "diffuse",
    "reflectance": "0.688883_0.688883_0.688883_1.0.png"
}, {
    "filename": "Mesh128.gem",
    "world": [1.0, 0.0, 0.0, 0.0, 0.0, 1.0, 0.0, 0.0, 0.0, 0.0, -1.0, 0.0, 0.0, 0.0, 0.0, 1.0],
    "bsdf": "diffuse",
    "reflectance": "0.079484_0.080011_0.078957_1.0.png"
}, {
    "filename": "Mesh221.gem",
    "world": [1.0, 0.0, 0.0, 0.0, 0.0, 1.0, 0.0, 0.0, 0.0, 0.0, -1.0, 0.0, 0.0, 0.0, 0.0, 1.0],
    "bsdf": "diffuse",
    "reflectance": "0.578596_0.578596_0.578596_1.0.png"
}, {
    "filename": "Mesh089.gem",
    "world": [1.0, 0.0, 0.0, 0.0, 0.0, 1.0, 0.0, 0.0, 0.0, 0.0, -1.0, 0.0, 0.0, 0.0, 0.0, 1.0],
    "bsdf": "diffuse",
    "reflectance": "0.688883_0.688883_0.688883_1.0.png"
}, {
    "filename": "Mesh066.gem",
    "world": [1.0, 0.0, 0.0, 0.0, 0.0, 1.0, 0.0, 0.0, 0.0, 0.0, -1.0, 0.0, 0.0, 0.0, 0.0, 1.0],
    "bsdf": "diffuse",
    "reflectance": "0.079484_0.080011_0.078957_1.0.png"
}, {
    "filename": "Mesh247.gem",
    "world": [1.0, 0.0, 0.0, 0.0, 0.0, 1.0, 0.0, 0.0, 0.0, 0.0, -1.0, 0.0, 0.0, 0.0, 0.0, 1.0],
    "bsdf": "diffuse",
    "reflectance": "0.578596_0.578596_0.578596_1.0.png"
}, {
    "filename": "Mesh088.gem",
    "world": [1.0, 0.0, 0.0, 0.0, 0.0, 1.0, 0.0, 0.0, 0.0, 0.0, -1.0, 0.0, 0.0, 0.0, 0.0, 1.0],
    "bsdf": "diffuse",
    "reflectance": "0.8_0.0619_0.031334_1.0.png"
}, {
    "filename": "Mesh087.gem",
    "world": [1.0, 0.0, 0.0, 0.0, 0.0, 1.0, 0.0, 0.0, 0.0, 0.0, -1.0, 0.0, 0.0, 0.0, 0.0, 1.0],
    "bsdf": "diffuse",
    "reflectance": "0.052861_0.138432_0.799103_1.0.png"
}, {
    "filename": "Mesh127.gem",
    "world": [1.0, 0.0, 0.0, 0.0, 0.0, 1.0, 0.0, 0.0, 0.0, 0.0, -1.0, 0.0, 0.0, 0.0, 0.0, 1.0],
    "bsdf": "diffuse",
    "reflectance": "0.578596_0.578596_0.578596_1.0.png"
}, {
    "filename": "Mesh086.gem",
    "world": [1.0, 0.0, 0.0, 0.0, 0.0, 1.0, 0.0, 0.0, 0.0, 0.0, -1.0, 0.0, 0.0, 0.0, 0.0, 1.0],
    "bsdf": "diffuse",
    "reflectance": "0.8_0.0619_0.031334_1.0.png"
}, {
    "filename": "Mesh085.gem",
    "world": [1.0, 0.0, 0.0, 0.0, 0.0, 1.0, 0.0, 0.0, 0.0, 0.0, -1.0, 0.0, 0.0, 0.0, 0.0, 1.0],
    "bsdf": "diffuse",
    "reflectance": "0.052861_0.138432_0.799103_1.0.png"
}, {
    "filename": "Mesh211.gem",
    "world": [1.0, 0.0, 0.0, 0.0, 0.0, 1.0, 0.0, 0.0, 0.0, 0.0, -1.0, 0.0, 0.0, 0.0, 0.0, 1.0],
    "bsdf": "diffuse",
    "reflectance": "0.688883_0.688883_0.688883_1.0.png"
}, {
    "filename": "Mesh191.gem",
    "world": [1.0, 0.0, 0.0, 0.0, 0.0, 1.0, 0.0, 0.0, 0.0, 0.0, -1.0, 0.0, 0.0, 0.0, 0.0, 1.0],
    "bsdf": "diffuse",
    "reflectance": "0.688883_0.688883_0.688883_1.0.png"
}, {
    "filename": "Mesh081.gem",
    "world": [1.0, 0.0, 0.0, 0.0, 0.0, 1.0, 0.0, 0.0, 0.0, 0.0, -1.0, 0.0, 0.0, 0.0, 0.0, 1.0],
    "bsdf": "diffuse",
    "reflectance": "0.079484_0.080011_0.078957_1.0.png"
}, {
    "filename": "Mesh079.gem",
    "world": [1.0, 0.0, 0.0, 0.0, 0.0, 1.0, 0.0, 0.0, 0.0, 0.0, -1.0, 0.0, 0.0, 0.0, 0.0, 1.0],
    "bsdf": "glass",
    "intIOR": "1.5",
    "extIOR": "1",
    "reflectance": "1_1_1.png"
}, {
    "filename": "Mesh264.gem",
    "world": [1.0, 0.0, 0.0, 0.0, 0.0, 1.0, 0.0, 0.0, 0.0, 0.0, -1.0, 0.0, 0.0, 0.0, 0.0, 1.0],
    "bsdf": "diffuse",
    "reflectance": "0.8_0.8_0.8_1.0.png"
}, {
    "filename": "Mesh126.gem",
    "world": [1.0, 0.0, 0.0, 0.0, 0.0, 1.0, 0.0, 0.0, 0.0, 0.0, -1.0, 0.0, 0.0, 0.0, 0.0, 1.0],
    "bsdf": "diffuse",
    "reflectance": "0.424737_0.424737_0.424737_1.0.png"
}, {
    "filename": "Mesh077.gem",
    "world": [1.0, 0.0, 0.0, 0.0, 0.0, 1.0, 0.0, 0.0, 0.0, 0.0, -1.0, 0.0, 0.0, 0.0, 0.0, 1.0],
    "bsdf": "diffuse",
    "reflectance": "0.028991_0.028991_0.028991_1.0.png"
}, {
    "filename": "Mesh074.gem",
    "world": [1.0, 0.0, 0.0, 0.0, 0.0, 1.0, 0.0, 0.0, 0.0, 0.0, -1.0, 0.0, 0.0, 0.0, 0.0, 1.0],
    "bsdf": "diffuse",
    "reflectance": "0.487458_0.493879_0.493879_1.0.png"
}, {
    "filename": "Mesh049.gem",
    "world": [1.0, 0.0, 0.0, 0.0, 0.0, 1.0, 0.0, 0.0, 0.0, 0.0, -1.0, 0.0, 0.0, 0.0, 0.0, 1.0],
    "bsdf": "diffuse",
    "reflectance": "0.578596_0.578596_0.578596_1.0.png"
}, {
    "filename": "Mesh073.gem",
    "world": [1.0, 0.0, 0.0, 0.0, 0.0, 1.0, 0.0, 0.0, 0.0, 0.0, -1.0, 0.0, 0.0, 0.0, 0.0, 1.0],
    "bsdf": "diffuse",
    "reflectance": "0.688883_0.688883_0.688883_1.0.png"
}, {
    "filename": "Mesh142.gem",
    "world": [1.0, 0.0, 0.0, 0.0, 0.0, 1.0, 0.0, 0.0, 0.0, 0.0, -1.0, 0.0, 0.0, 0.0, 0.0, 1.0],
    "bsdf": "diffuse",
    "reflectance": "0.079484_0.080011_0.078957_1.0.png"
}, {
    "filename": "Mesh133.gem",
    "world": [1.0, 0.0, 0.0, 0.0, 0.0, 1.0, 0.0, 0.0, 0.0, 0.0, -1.0, 0.0, 0.0, 0.0, 0.0, 1.0],
    "bsdf": "diffuse",
    "reflectance": "0.8_0.8_0.8_1.0.png"
}, {
    "filename": "Mesh171.gem",
    "world": [1.0, 0.0, 0.0, 0.0, 0.0, 1.0, 0.0, 0.0, 0.0, 0.0, -1.0, 0.0, 0.0, 0.0, 0.0, 1.0],
    "bsdf": "diffuse",
    "reflectance": "0.426132_0.426132_0.426132_1.0.png"
}, {
    "filename": "Mesh071.gem",
    "world": [1.0, 0.0, 0.0, 0.0, 0.0, 1.0, 0.0, 0.0, 0.0, 0.0, -1.0, 0.0, 0.0, 0.0, 0.0, 1.0],
    "bsdf": "diffuse",
    "reflectance": "0.8_0.8_0.8_1.0.png"
}, {
    "filename": "Mesh072.gem",
    "world": [1.0, 0.0, 0.0, 0.0, 0.0, 1.0, 0.0, 0.0, 0.0, 0.0, -1.0, 0.0, 0.0, 0.0, 0.0, 1.0],
    "bsdf": "diffuse",
    "reflectance": "0.578596_0.578596_0.578596_1.0.png"
}, {
    "filename": "Mesh075.gem",
    "world": [1.0, 0.0, 0.0, 0.0, 0.0, 1.0, 0.0, 0.0, 0.0, 0.0, -1.0, 0.0, 0.0, 0.0, 0.0, 1.0],
    "bsdf": "diffuse",
    "reflectance": "0.688883_0.688883_0.688883_1.0.png"
}, {
    "filename": "Mesh123.gem",
    "world": [1.0, 0.0, 0.0, 0.0, 0.0, 1.0, 0.0, 0.0, 0.0, 0.0, -1.0, 0.0, 0.0, 0.0, 0.0, 1.0],
    "bsdf": "diffuse",
    "reflectance": "0.688883_0.688883_0.688883_1.0.png"
}, {
    "filename": "Mesh070.gem",
    "world": [1.0, 0.0, 0.0, 0.0, 0.0, 1.0, 0.0, 0.0, 0.0, 0.0, -1.0, 0.0, 0.0, 0.0, 0.0, 1.0],
    "bsdf": "diffuse",
    "reflectance": "0.079484_0.080011_0.078957_1.0.png"
}, {
    "filename": "Mesh064.gem",
    "world": [1.0, 0.0, 0.0, 0.0, 0.0, 1.0, 0.0, 0.0, 0.0, 0.0, -1.0, 0.0, 0.0, 0.0, 0.0, 1.0],
    "bsdf": "diffuse",
    "reflectance": "0.688883_0.688883_0.688883_1.0.png"
}, {
    "filename": "Mesh048.gem",
    "world": [1.0, 0.0, 0.0, 0.0, 0.0, 1.0, 0.0, 0.0, 0.0, 0.0, -1.0, 0.0, 0.0, 0.0, 0.0, 1.0],
    "bsdf": "diffuse",
    "reflectance": "0.079484_0.080011_0.078957_1.0.png"
}, {
    "filename": "Mesh166.gem",
    "world": [1.0, 0.0, 0.0, 0.0, 0.0, 1.0, 0.0, 0.0, 0.0, 0.0, -1.0, 0.0, 0.0, 0.0, 0.0, 1.0],
    "bsdf": "diffuse",
    "reflectance": "0.578596_0.578596_0.578596_1.0.png"
}, {
    "filename": "Mesh157.gem",
    "world": [1.0, 0.0, 0.0, 0.0, 0.0, 1.0, 0.0, 0.0, 0.0, 0.0, -1.0, 0.0, 0.0, 0.0, 0.0, 1.0],
    "bsdf": "diffuse",
    "reflectance": "0.688883_0.688883_0.688883_1.0.png"
}, {
    "filename": "Mesh117.gem",
    "world": [1.0, 0.0, 0.0, 0.0, 0.0, 1.0, 0.0, 0.0, 0.0, 0.0, -1.0, 0.0, 0.0, 0.0, 0.0, 1.0],
    "bsdf": "diffuse",
    "reflectance": "0.079484_0.080011_0.078957_1.0.png"
}, {
    "filename": "Mesh065.gem",
    "world": [1.0, 0.0, 0.0, 0.0, 0.0, 1.0, 0.0, 0.0, 0.0, 0.0, -1.0, 0.0, 0.0, 0.0, 0.0, 1.0],
    "bsdf": "diffuse",
    "reflectance": "0.578596_0.578596_0.578596_1.0.png"
}, {
    "filename": "Mesh060.gem",
    "world": [1.0, 0.0, 0.0, 0.0, 0.0, 1.0, 0.0, 0.0, 0.0, 0.0, -1.0, 0.0, 0.0, 0.0, 0.0, 1.0],
    "bsdf": "diffuse",
    "reflectance": "0.688883_0.688883_0.688883_1.0.png"
}, {
    "filename": "Mesh076.gem",
    "world": [1.0, 0.0, 0.0, 0.0, 0.0, 1.0, 0.0, 0.0, 0.0, 0.0, -1.0, 0.0, 0.0, 0.0, 0.0, 1.0],
    "bsdf": "diffuse",
    "reflectance": "0.079484_0.080011_0.078957_1.0.png"
}, {
    "filename": "Mesh058.gem",
    "world": [1.0, 0.0, 0.0, 0.0, 0.0, 1.0, 0.0, 0.0, 0.0, 0.0, -1.0, 0.0, 0.0, 0.0, 0.0, 1.0],
    "bsdf": "diffuse",
    "reflectance": "0.578596_0.578596_0.578596_1.0.png"
}, {
    "filename": "Mesh120.gem",
    "world": [1.0, 0.0, 0.0, 0.0, 0.0, 1.0, 0.0, 0.0, 0.0, 0.0, -1.0, 0.0, 0.0, 0.0, 0.0, 1.0],
    "bsdf": "diffuse",
    "reflectance": "0.688883_0.688883_0.688883_1.0.png"
}, {
    "filename": "Mesh054.gem",
    "world": [1.0, 0.0, 0.0, 0.0, 0.0, 1.0, 0.0, 0.0, 0.0, 0.0, -1.0, 0.0, 0.0, 0.0, 0.0, 1.0],
    "bsdf": "diffuse",
    "reflectance": "0.079484_0.080011_0.078957_1.0.png"
}, {
    "filename": "Mesh050.gem",
    "world": [1.0, 0.0, 0.0, 0.0, 0.0, 1.0, 0.0, 0.0, 0.0, 0.0, -1.0, 0.0, 0.0, 0.0, 0.0, 1.0],
    "bsdf": "diffuse",
    "reflectance": "0.578596_0.578596_0.578596_1.0.png"
}, {
    "filename": "Mesh080.gem",
    "world": [1.0, 0.0, 0.0, 0.0, 0.0, 1.0, 0.0, 0.0, 0.0, 0.0, -1.0, 0.0, 0.0, 0.0, 0.0, 1.0],
    "bsdf": "diffuse",
    "reflectance": "0.688883_0.688883_0.688883_1.0.png"
}, {
    "filename": "Mesh140.gem",
    "world": [1.0, 0.0, 0.0, 0.0, 0.0, 1.0, 0.0, 0.0, 0.0, 0.0, -1.0, 0.0, 0.0, 0.0, 0.0, 1.0],
    "bsdf": "diffuse",
    "reflectance": "0.079484_0.080011_0.078957_1.0.png"
}, {
    "filename": "Mesh148.gem",
    "world": [1.0, 0.0, 0.0, 0.0, 0.0, 1.0, 0.0, 0.0, 0.0, 0.0, -1.0, 0.0, 0.0, 0.0, 0.0, 1.0],
    "bsdf": "diffuse",
    "reflectance": "0.688883_0.688883_0.688883_1.0.png"
}, {
    "filename": "Mesh169.gem",
    "world": [1.0, 0.0, 0.0, 0.0, 0.0, 1.0, 0.0, 0.0, 0.0, 0.0, -1.0, 0.0, 0.0, 0.0, 0.0, 1.0],
    "bsdf": "diffuse",
    "reflectance": "0.688883_0.688883_0.688883_1.0.png"
}, {
    "filename": "Mesh047.gem",
    "world": [1.0, 0.0, 0.0, 0.0, 0.0, 1.0, 0.0, 0.0, 0.0, 0.0, -1.0, 0.0, 0.0, 0.0, 0.0, 1.0],
    "bsdf": "diffuse",
    "reflectance": "0.688883_0.688883_0.688883_1.0.png"
}, {
    "filename": "Mesh045.gem",
    "world": [1.0, 0.0, 0.0, 0.0, 0.0, 1.0, 0.0, 0.0, 0.0, 0.0, -1.0, 0.0, 0.0, 0.0, 0.0, 1.0],
    "bsdf": "diffuse",
    "reflectance": "0.688883_0.688883_0.688883_1.0.png"
}, {
    "filename": "Mesh156.gem",
    "world": [1.0, 0.0, 0.0, 0.0, 0.0, 1.0, 0.0, 0.0, 0.0, 0.0, -1.0, 0.0, 0.0, 0.0, 0.0, 1.0],
    "bsdf": "diffuse",
    "reflectance": "0.688883_0.688883_0.688883_1.0.png"
}, {
    "filename": "Mesh130.gem",
    "world": [1.0, 0.0, 0.0, 0.0, 0.0, 1.0, 0.0, 0.0, 0.0, 0.0, -1.0, 0.0, 0.0, 0.0, 0.0, 1.0],
    "bsdf": "diffuse",
    "reflectance": "0.079484_0.080011_0.078957_1.0.png"
}, {
    "filename": "Mesh083.gem",
    "world": [1.0, 0.0, 0.0, 0.0, 0.0, 1.0, 0.0, 0.0, 0.0, 0.0, -1.0, 0.0, 0.0, 0.0, 0.0, 1.0],
    "bsdf": "diffuse",
    "reflectance": "0.688883_0.688883_0.688883_1.0.png"
}, {
    "filename": "Mesh159.gem",
    "world": [1.0, 0.0, 0.0, 0.0, 0.0, 1.0, 0.0, 0.0, 0.0, 0.0, -1.0, 0.0, 0.0, 0.0, 0.0, 1.0],
    "bsdf": "diffuse",
    "reflectance": "0.079484_0.080011_0.078957_1.0.png"
}, {
    "filename": "Mesh174.gem",
    "world": [1.0, 0.0, 0.0, 0.0, 0.0, 1.0, 0.0, 0.0, 0.0, 0.0, -1.0, 0.0, 0.0, 0.0, 0.0, 1.0],
    "bsdf": "glass",
    "intIOR": "1.5",
    "extIOR": "1",
    "reflectance": "1_1_1.png"
}, {
    "filename": "Mesh177.gem",
    "world": [1.0, 0.0, 0.0, 0.0, 0.0, 1.0, 0.0, 0.0, 0.0, 0.0, -1.0, 0.0, 0.0, 0.0, 0.0, 1.0],
    "bsdf": "diffuse",
    "reflectance": "0.578596_0.578596_0.578596_1.0.png"
}, {
    "filename": "Mesh180.gem",
    "world": [1.0, 0.0, 0.0, 0.0, 0.0, 1.0, 0.0, 0.0, 0.0, 0.0, -1.0, 0.0, 0.0, 0.0, 0.0, 1.0],
    "bsdf": "diffuse",
    "reflectance": "0.688883_0.688883_0.688883_1.0.png"
}, {
    "filename": "Mesh193.gem",
    "world": [1.0, 0.0, 0.0, 0.0, 0.0, 1.0, 0.0, 0.0, 0.0, 0.0, -1.0, 0.0, 0.0, 0.0, 0.0, 1.0],
    "bsdf": "glass",
    "intIOR": "1.5",
    "extIOR": "1",
    "reflectance": "1_1_1.png"
}, {
    "filename": "Mesh132.gem",
    "world": [1.0, 0.0, 0.0, 0.0, 0.0, 1.0, 0.0, 0.0, 0.0, 0.0, -1.0, 0.0, 0.0, 0.0, 0.0, 1.0],
    "bsdf": "diffuse",
    "reflectance": "0.079484_0.080011_0.078957_1.0.png"
}, {
    "filename": "Mesh184.gem",
    "world": [1.0, 0.0, 0.0, 0.0, 0.0, 1.0, 0.0, 0.0, 0.0, 0.0, -1.0, 0.0, 0.0, 0.0, 0.0, 1.0],
    "bsdf": "diffuse",
    "reflectance": "0.578596_0.578596_0.578596_1.0.png"
}, {
    "filename": "Mesh189.gem",
    "world": [1.0, 0.0, 0.0, 0.0, 0.0, 1.0, 0.0, 0.0, 0.0, 0.0, -1.0, 0.0, 0.0, 0.0, 0.0, 1.0],
    "bsdf": "diffuse",
    "reflectance": "0.688883_0.688883_0.688883_1.0.png"
}, {
    "filename": "Mesh144.gem",
    "world": [1.0, 0.0, 0.0, 0.0, 0.0, 1.0, 0.0, 0.0, 0.0, 0.0, -1.0, 0.0, 0.0, 0.0, 0.0, 1.0],
    "bsdf": "diffuse",
    "reflectance": "0.8_0.8_0.8_1.0.png"
}, {
    "filename": "Mesh194.gem",
    "world": [1.0, 0.0, 0.0, 0.0, 0.0, 1.0, 0.0, 0.0, 0.0, 0.0, -1.0, 0.0, 0.0, 0.0, 0.0, 1.0],
    "bsdf": "diffuse",
    "reflectance": "0.028991_0.028991_0.028991_1.0.png"
}, {
    "filename": "Mesh046.gem",
    "world": [1.0, 0.0, 0.0, 0.0, 0.0, 1.0, 0.0, 0.0, 0.0, 0.0, -1.0, 0.0, 0.0, 0.0, 0.0, 1.0],
    "bsdf": "glass",
    "intIOR": "1.5",
    "extIOR": "1",
    "reflectance": "1_1_1.png"
}, {
    "filename": "Mesh129.gem",
    "world": [1.0, 0.0, 0.0, 0.0, 0.0, 1.0, 0.0, 0.0, 0.0, 0.0, -1.0, 0.0, 0.0, 0.0, 0.0, 1.0],
    "bsdf": "diffuse",
    "reflectance": "0.688883_0.688883_0.688883_1.0.png"
}, {
    "filename": "Mesh195.gem",
    "world": [1.0, 0.0, 0.0, 0.0, 0.0, 1.0, 0.0, 0.0, 0.0, 0.0, -1.0, 0.0, 0.0, 0.0, 0.0, 1.0],
    "bsdf": "diffuse",
    "reflectance": "0.688883_0.688883_0.688883_1.0.png"
}, {
    "filename": "Mesh196.gem",
    "world": [1.0, 0.0, 0.0, 0.0, 0.0, 1.0, 0.0, 0.0, 0.0, 0.0, -1.0, 0.0, 0.0, 0.0, 0.0, 1.0],
    "bsdf": "diffuse",
    "reflectance": "0.381008_0.434047_0.45162_1.0.png"
}, {
    "filename": "Mesh186.gem",
    "world": [1.0, 0.0, 0.0, 0.0, 0.0, 1.0, 0.0, 0.0, 0.0, 0.0, -1.0, 0.0, 0.0, 0.0, 0.0, 1.0],
    "bsdf": "diffuse",
    "reflectance": "0.487458_0.493879_0.493879_1.0.png"
}, {
    "filename": "Mesh090.gem",
    "world": [1.0, 0.0, 0.0, 0.0, 0.0, 1.0, 0.0, 0.0, 0.0, 0.0, -1.0, 0.0, 0.0, 0.0, 0.0, 1.0],
    "bsdf": "diffuse",
    "reflectance": "0.578596_0.578596_0.578596_1.0.png"
}, {
    "filename": "Mesh198.gem",
    "world": [1.0, 0.0, 0.0, 0.0, 0.0, 1.0, 0.0, 0.0, 0.0, 0.0, -1.0, 0.0, 0.0, 0.0, 0.0, 1.0],
    "bsdf": "diffuse",
    "reflectance": "0.8_0.0619_0.031334_1.0.png"
}, {
    "filename": "Mesh201.gem",
    "world": [1.0, 0.0, 0.0, 0.0, 0.0, 1.0, 0.0, 0.0, 0.0, 0.0, -1.0, 0.0, 0.0, 0.0, 0.0, 1.0],
    "bsdf": "diffuse",
    "reflectance": "0.052861_0.138432_0.799103_1.0.png"
}, {
    "filename": "Mesh078.gem",
    "world": [1.0, 0.0, 0.0, 0.0, 0.0, 1.0, 0.0, 0.0, 0.0, 0.0, -1.0, 0.0, 0.0, 0.0, 0.0, 1.0],
    "bsdf": "diffuse",
    "reflectance": "0.578596_0.578596_0.578596_1.0.png"
}, {
    "filename": "Mesh063.gem",
    "world": [1.0, 0.0, 0.0, 0.0, 0.0, 1.0, 0.0, 0.0, 0.0, 0.0, -1.0, 0.0, 0.0, 0.0, 0.0, 1.0],
    "bsdf": "diffuse",
    "reflectance": "0.688883_0.688883_0.688883_1.0.png"
}, {
    "filename": "Mesh202.gem",
    "world": [1.0, 0.0, 0.0, 0.0, 0.0, 1.0, 0.0, 0.0, 0.0, 0.0, -1.0, 0.0, 0.0, 0.0, 0.0, 1.0],
    "bsdf": "diffuse",
    "reflectance": "0.393113_0.295146_0.217308_1.0.png"
}, {
    "filename": "Mesh203.gem",
    "world": [1.0, 0.0, 0.0, 0.0, 0.0, 1.0, 0.0, 0.0, 0.0, 0.0, -1.0, 0.0, 0.0, 0.0, 0.0, 1.0],
    "bsdf": "diffuse",
    "reflectance": "0.426132_0.426132_0.426132_1.0.png"
}, {
    "filename": "Mesh204.gem",
    "world": [1.0, 0.0, 0.0, 0.0, 0.0, 1.0, 0.0, 0.0, 0.0, 0.0, -1.0, 0.0, 0.0, 0.0, 0.0, 1.0],
    "bsdf": "diffuse",
    "reflectance": "0.426132_0.426132_0.426132_1.0.png"
}, {
    "filename": "Mesh215.gem",
    "world": [1.0, 0.0, 0.0, 0.0, 0.0, 1.0, 0.0, 0.0, 0.0, 0.0, -1.0, 0.0, 0.0, 0.0, 0.0, 1.0],
    "bsdf": "glass",
    "intIOR": "1.5",
    "extIOR": "1",
    "reflectance": "1_1_1.png"
}, {
    "filename": "Mesh206.gem",
    "world": [1.0, 0.0, 0.0, 0.0, 0.0, 1.0, 0.0, 0.0, 0.0, 0.0, -1.0, 0.0, 0.0, 0.0, 0.0, 1.0],
    "bsdf": "diffuse",
    "reflectance": "0.578596_0.578596_0.578596_1.0.png"
}, {
    "filename": "Mesh209.gem",
    "world": [1.0, 0.0, 0.0, 0.0, 0.0, 1.0, 0.0, 0.0, 0.0, 0.0, -1.0, 0.0, 0.0, 0.0, 0.0, 1.0],
    "bsdf": "diffuse",
    "reflectance": "0.578596_0.578596_0.578596_1.0.png"
}, {
    "filename": "Mesh210.gem",
    "world": [1.0, 0.0, 0.0, 0.0, 0.0, 1.0, 0.0, 0.0, 0.0, 0.0, -1.0, 0.0, 0.0, 0.0, 0.0, 1.0],
    "bsdf": "diffuse",
    "reflectance": "0.205138_0.418493_0.8_1.0.png"
}, {
    "filename": "Mesh199.gem",
    "world": [1.0, 0.0, 0.0, 0.0, 0.0, 1.0, 0.0, 0.0, 0.0, 0.0, -1.0, 0.0, 0.0, 0.0, 0.0, 1.0],
    "bsdf": "diffuse",
    "reflectance": "0.8_0.8_0.8_1.0.png"
}, {
    "filename": "Mesh158.gem",
    "world": [1.0, 0.0, 0.0, 0.0, 0.0, 1.0, 0.0, 0.0, 0.0, 0.0, -1.0, 0.0, 0.0, 0.0, 0.0, 1.0],
    "bsdf": "diffuse",
    "reflectance": "0.688883_0.688883_0.688883_1.0.png"
}, {
    "filename": "Mesh214.gem",
    "world": [1.0, 0.0, 0.0, 0.0, 0.0, 1.0, 0.0, 0.0, 0.0, 0.0, -1.0, 0.0, 0.0, 0.0, 0.0, 1.0],
    "bsdf": "diffuse",
    "reflectance": "0.079484_0.080011_0.078957_1.0.png"
}, {
    "filename": "Mesh091.gem",
    "world": [1.0, 0.0, 0.0, 0.0, 0.0, 1.0, 0.0, 0.0, 0.0, 0.0, -1.0, 0.0, 0.0, 0.0, 0.0, 1.0],
    "bsdf": "diffuse",
    "reflectance": "0.699394_0.699394_0.699394_1.0.png"
}, {
    "filename": "Mesh216.gem",
    "world": [1.0, 0.0, 0.0, 0.0, 0.0, 1.0, 0.0, 0.0, 0.0, 0.0, -1.0, 0.0, 0.0, 0.0, 0.0, 1.0],
    "bsdf": "glass",
    "intIOR": "1.5",
    "extIOR": "1",
    "reflectance": "1_1_1.png"
}, {
    "filename": "Mesh218.gem",
    "world": [1.0, 0.0, 0.0, 0.0, 0.0, 1.0, 0.0, 0.0, 0.0, 0.0, -1.0, 0.0, 0.0, 0.0, 0.0, 1.0],
    "bsdf": "diffuse",
    "reflectance": "0.688883_0.688883_0.688883_1.0.png"
}, {
    "filename": "Mesh098.gem",
    "world": [1.0, 0.0, 0.0, 0.0, 0.0, 1.0, 0.0, 0.0, 0.0, 0.0, -1.0, 0.0, 0.0, 0.0, 0.0, 1.0],
    "bsdf": "diffuse",
    "reflectance": "0.688883_0.688883_0.688883_1.0.png"
}, {
    "filename": "Mesh219.gem",
    "world": [1.0, 0.0, 0.0, 0.0, 0.0, 1.0, 0.0, 0.0, 0.0, 0.0, -1.0, 0.0, 0.0, 0.0, 0.0, 1.0],
    "bsdf": "diffuse",
    "reflectance": "0.688883_0.688883_0.688883_1.0.png"
}, {
    "filename": "Mesh223.gem",
    "world": [1.0, 0.0, 0.0, 0.0, 0.0, 1.0, 0.0, 0.0, 0.0, 0.0, -1.0, 0.0, 0.0, 0.0, 0.0, 1.0],
    "bsdf": "diffuse",
    "reflectance": "0.688883_0.688883_0.688883_1.0.png"
}, {
    "filename": "Mesh136.gem",
    "world": [1.0, 0.0, 0.0, 0.0, 0.0, 1.0, 0.0, 0.0, 0.0, 0.0, -1.0, 0.0, 0.0, 0.0, 0.0, 1.0],
    "bsdf": "diffuse",
    "reflectance": "0.079484_0.080011_0.078957_1.0.png"
}, {
    "filename": "Mesh082.gem",
    "world": [1.0, 0.0, 0.0, 0.0, 0.0, 1.0, 0.0, 0.0, 0.0, 0.0, -1.0, 0.0, 0.0, 0.0, 0.0, 1.0],
    "bsdf": "diffuse",
    "reflectance": "0.578596_0.578596_0.578596_1.0.png"
}, {
    "filename": "Mesh225.gem",
    "world": [1.0, 0.0, 0.0, 0.0, 0.0, 1.0, 0.0, 0.0, 0.0, 0.0, -1.0, 0.0, 0.0, 0.0, 0.0, 1.0],
    "bsdf": "diffuse",
    "reflectance": "0.8_0.8_0.8_1.0.png"
}, {
    "filename": "Mesh227.gem",
    "world": [1.0, 0.0, 0.0, 0.0, 0.0, 1.0, 0.0, 0.0, 0.0, 0.0, -1.0, 0.0, 0.0, 0.0, 0.0, 1.0],
    "bsdf": "diffuse",
    "reflectance": "0.578596_0.578596_0.578596_1.0.png"
}, {
    "filename": "Mesh228.gem",
    "world": [1.0, 0.0, 0.0, 0.0, 0.0, 1.0, 0.0, 0.0, 0.0, 0.0, -1.0, 0.0, 0.0, 0.0, 0.0, 1.0],
    "bsdf": "diffuse",
    "reflectance": "0.426132_0.426132_0.426132_1.0.png"
}, {
    "filename": "Mesh124.gem",
    "world": [1.0, 0.0, 0.0, 0.0, 0.0, 1.0, 0.0, 0.0, 0.0, 0.0, -1.0, 0.0, 0.0, 0.0, 0.0, 1.0],
    "bsdf": "diffuse",
    "reflectance": "0.416131_0.415021_0.414138_1.0.png"
}, {
    "filename": "Mesh153.gem",
    "world": [1.0, 0.0, 0.0, 0.0, 0.0, 1.0, 0.0, 0.0, 0.0, 0.0, -1.0, 0.0, 0.0, 0.0, 0.0, 1.0],
    "bsdf": "diffuse",
    "reflectance": "0.205138_0.418493_0.8_1.0.png"
}, {
    "filename": "Mesh208.gem",
    "world": [1.0, 0.0, 0.0, 0.0, 0.0, 1.0, 0.0, 0.0, 0.0, 0.0, -1.0, 0.0, 0.0, 0.0, 0.0, 1.0],
    "bsdf": "diffuse",
    "reflectance": "0.8_0.8_0.8_1.0.png"
}, {
    "filename": "Mesh229.gem",
    "world": [1.0, 0.0, 0.0, 0.0, 0.0, 1.0, 0.0, 0.0, 0.0, 0.0, -1.0, 0.0, 0.0, 0.0, 0.0, 1.0],
    "bsdf": "diffuse",
    "reflectance": "0.688883_0.688883_0.688883_1.0.png"
}, {
    "filename": "Mesh270.gem",
    "world": [1.0, 0.0, 0.0, 0.0, 0.0, 1.0, 0.0, 0.0, 0.0, 0.0, -1.0, 0.0, 0.0, 0.0, 0.0, 1.0],
    "bsdf": "diffuse",
    "reflectance": "0.688883_0.688883_0.688883_1.0.png"
}, {
    "filename": "Mesh182.gem",
    "world": [1.0, 0.0, 0.0, 0.0, 0.0, 1.0, 0.0, 0.0, 0.0, 0.0, -1.0, 0.0, 0.0, 0.0, 0.0, 1.0],
    "bsdf": "diffuse",
    "reflectance": "0.688883_0.688883_0.688883_1.0.png"
}, {
    "filename": "Mesh230.gem",
    "world": [1.0, 0.0, 0.0, 0.0, 0.0, 1.0, 0.0, 0.0, 0.0, 0.0, -1.0, 0.0, 0.0, 0.0, 0.0, 1.0],
    "bsdf": "glass",
    "intIOR": "1.5",
    "extIOR": "1",
    "reflectance": "1_1_1.png"
}, {
    "filename": "Mesh231.gem",
    "world": [1.0, 0.0, 0.0, 0.0, 0.0, 1.0, 0.0, 0.0, 0.0, 0.0, -1.0, 0.0, 0.0, 0.0, 0.0, 1.0],
    "bsdf": "diffuse",
    "reflectance": "0.416131_0.391048_0.383141_1.0.png"
}, {
    "filename": "Mesh251.gem",
    "world": [1.0, 0.0, 0.0, 0.0, 0.0, 1.0, 0.0, 0.0, 0.0, 0.0, -1.0, 0.0, 0.0, 0.0, 0.0, 1.0],
    "bsdf": "diffuse",
    "reflectance": "0.426132_0.426132_0.426132_1.0.png"
}, {
    "filename": "Mesh234.gem",
    "world": [1.0, 0.0, 0.0, 0.0, 0.0, 1.0, 0.0, 0.0, 0.0, 0.0, -1.0, 0.0, 0.0, 0.0, 0.0, 1.0],
    "bsdf": "diffuse",
    "reflectance": "0.416131_0.391048_0.383141_1.0.png"
}, {
    "filename": "Mesh232.gem",
    "world": [1.0, 0.0, 0.0, 0.0, 0.0, 1.0, 0.0, 0.0, 0.0, 0.0, -1.0, 0.0, 0.0, 0.0, 0.0, 1.0],
    "bsdf": "diffuse",
    "reflectance": "0.416131_0.391048_0.383141_1.0.png"
}, {
    "filename": "Mesh235.gem",
    "world": [1.0, 0.0, 0.0, 0.0, 0.0, 1.0, 0.0, 0.0, 0.0, 0.0, -1.0, 0.0, 0.0, 0.0, 0.0, 1.0],
    "bsdf": "diffuse",
    "reflectance": "0.688883_0.688883_0.688883_1.0.png"
}, {
    "filename": "Mesh236.gem",
    "world": [1.0, 0.0, 0.0, 0.0, 0.0, 1.0, 0.0, 0.0, 0.0, 0.0, -1.0, 0.0, 0.0, 0.0, 0.0, 1.0],
    "bsdf": "diffuse",
    "reflectance": "0.079484_0.080011_0.078957_1.0.png"
}, {
    "filename": "Mesh237.gem",
    "world": [1.0, 0.0, 0.0, 0.0, 0.0, 1.0, 0.0, 0.0, 0.0, 0.0, -1.0, 0.0, 0.0, 0.0, 0.0, 1.0],
    "bsdf": "diffuse",
    "reflectance": "0.578596_0.578596_0.578596_1.0.png"
}, {
    "filename": "Mesh175.gem",
    "world": [1.0, 0.0, 0.0, 0.0, 0.0, 1.0, 0.0, 0.0, 0.0, 0.0, -1.0, 0.0, 0.0, 0.0, 0.0, 1.0],
    "bsdf": "diffuse",
    "reflectance": "0.688883_0.688883_0.688883_1.0.png"
}, {
    "filename": "Mesh238.gem",
    "world": [1.0, 0.0, 0.0, 0.0, 0.0, 1.0, 0.0, 0.0, 0.0, 0.0, -1.0, 0.0, 0.0, 0.0, 0.0, 1.0],
    "bsdf": "diffuse",
    "reflectance": "0.079484_0.080011_0.078957_1.0.png"
}, {
    "filename": "Mesh161.gem",
    "world": [1.0, 0.0, 0.0, 0.0, 0.0, 1.0, 0.0, 0.0, 0.0, 0.0, -1.0, 0.0, 0.0, 0.0, 0.0, 1.0],
    "bsdf": "diffuse",
    "reflectance": "0.578596_0.578596_0.578596_1.0.png"
}, {
    "filename": "Mesh176.gem",
    "world": [1.0, 0.0, 0.0, 0.0, 0.0, 1.0, 0.0, 0.0, 0.0, 0.0, -1.0, 0.0, 0.0, 0.0, 0.0, 1.0],
    "bsdf": "diffuse",
    "reflectance": "0.426695_0.375011_0.363006_1.0.png"
}, {
    "filename": "Mesh107.gem",
    "world": [1.0, 0.0, 0.0, 0.0, 0.0, 1.0, 0.0, 0.0, 0.0, 0.0, -1.0, 0.0, 0.0, 0.0, 0.0, 1.0],
    "bsdf": "diffuse",
    "reflectance": "0.688883_0.688883_0.688883_1.0.png"
}, {
    "filename": "Mesh172.gem",
    "world": [1.0, 0.0, 0.0, 0.0, 0.0, 1.0, 0.0, 0.0, 0.0, 0.0, -1.0, 0.0, 0.0, 0.0, 0.0, 1.0],
    "bsdf": "diffuse",
    "reflectance": "0.688883_0.688883_0.688883_1.0.png"
}, {
    "filename": "Mesh165.gem",
    "world": [1.0, 0.0, 0.0, 0.0, 0.0, 1.0, 0.0, 0.0, 0.0, 0.0, -1.0, 0.0, 0.0, 0.0, 0.0, 1.0],
    "bsdf": "diffuse",
    "reflectance": "0.8_0.8_0.8_1.0.png"
}, {
    "filename": "Mesh190.gem",
    "world": [1.0, 0.0, 0.0, 0.0, 0.0, 1.0, 0.0, 0.0, 0.0, 0.0, -1.0, 0.0, 0.0, 0.0, 0.0, 1.0],
    "bsdf": "diffuse",
    "reflectance": "0.578596_0.578596_0.578596_1.0.png"
}, {
    "filename": "Mesh240.gem",
    "world": [1.0, 0.0, 0.0, 0.0, 0.0, 1.0, 0.0, 0.0, 0.0, 0.0, -1.0, 0.0, 0.0, 0.0, 0.0, 1.0],
    "bsdf": "diffuse",
    "reflectance": "0.416131_0.391048_0.383141_1.0.png"
}, {
    "filename": "Mesh213.gem",
    "world": [1.0, 0.0, 0.0, 0.0, 0.0, 1.0, 0.0, 0.0, 0.0, 0.0, -1.0, 0.0, 0.0, 0.0, 0.0, 1.0],
    "bsdf": "diffuse",
    "reflectance": "0.688883_0.688883_0.688883_1.0.png"
}, {
    "filename": "Mesh243.gem",
    "world": [1.0, 0.0, 0.0, 0.0, 0.0, 1.0, 0.0, 0.0, 0.0, 0.0, -1.0, 0.0, 0.0, 0.0, 0.0, 1.0],
    "bsdf": "glass",
    "intIOR": "1.5",
    "extIOR": "1",
    "reflectance": "1_1_1.png"
}, {
    "filename": "Mesh253.gem",
    "world": [1.0, 0.0, 0.0, 0.0, 0.0, 1.0, 0.0, 0.0, 0.0, 0.0, -1.0, 0.0, 0.0, 0.0, 0.0, 1.0],
    "bsdf": "diffuse",
    "reflectance": "0.079484_0.080011_0.078957_1.0.png"
}, {
    "filename": "Mesh188.gem",
    "world": [1.0, 0.0, 0.0, 0.0, 0.0, 1.0, 0.0, 0.0, 0.0, 0.0, -1.0, 0.0, 0.0, 0.0, 0.0, 1.0],
    "bsdf": "diffuse",
    "reflectance": "0.8_0.8_0.8_1.0.png"
}, {
    "filename": "Mesh224.gem",
    "world": [1.0, 0.0, 0.0, 0.0, 0.0, 1.0, 0.0, 0.0, 0.0, 0.0, -1.0, 0.0, 0.0, 0.0, 0.0, 1.0],
    "bsdf": "diffuse",
    "reflectance": "0.688883_0.688883_0.688883_1.0.png"
}, {
    "filename": "Mesh246.gem",
    "world": [1.0, 0.0, 0.0, 0.0, 0.0, 1.0, 0.0, 0.0, 0.0, 0.0, -1.0, 0.0, 0.0, 0.0, 0.0, 1.0],
    "bsdf": "glass",
    "intIOR": "1.5",
    "extIOR": "1",
    "reflectance": "1_1_1.png"
}, {
    "filename": "Mesh055.gem",
    "world": [1.0, 0.0, 0.0, 0.0, 0.0, 1.0, 0.0, 0.0, 0.0, 0.0, -1.0, 0.0, 0.0, 0.0, 0.0, 1.0],
    "bsdf": "diffuse",
    "reflectance": "0.079484_0.080011_0.078957_1.0.png"
}, {
    "filename": "Mesh192.gem",
    "world": [1.0, 0.0, 0.0, 0.0, 0.0, 1.0, 0.0, 0.0, 0.0, 0.0, -1.0, 0.0, 0.0, 0.0, 0.0, 1.0],
    "bsdf": "diffuse",
    "reflectance": "0.8_0.8_0.8_1.0.png"
}, {
    "filename": "Mesh217.gem",
    "world": [1.0, 0.0, 0.0, 0.0, 0.0, 1.0, 0.0, 0.0, 0.0, 0.0, -1.0, 0.0, 0.0, 0.0, 0.0, 1.0],
    "bsdf": "diffuse",
    "reflectance": "0.688883_0.688883_0.688883_1.0.png"
}, {
    "filename": "Mesh084.gem",
    "world": [1.0, 0.0, 0.0, 0.0, 0.0, 1.0, 0.0, 0.0, 0.0, 0.0, -1.0, 0.0, 0.0, 0.0, 0.0, 1.0],
    "bsdf": "diffuse",
    "reflectance": "0.079484_0.080011_0.078957_1.0.png"
}, {
    "filename": "Mesh163.gem",
    "world": [1.0, 0.0, 0.0, 0.0, 0.0, 1.0, 0.0, 0.0, 0.0, 0.0, -1.0, 0.0, 0.0, 0.0, 0.0, 1.0],
    "bsdf": "diffuse",
    "reflectance": "0.578596_0.578596_0.578596_1.0.png"
}, {
    "filename": "Mesh256.gem",
    "world": [1.0, 0.0, 0.0, 0.0, 0.0, 1.0, 0.0, 0.0, 0.0, 0.0, -1.0, 0.0, 0.0, 0.0, 0.0, 1.0],
    "bsdf": "diffuse",
    "reflectance": "0.688883_0.688883_0.688883_1.0.png"
}, {
    "filename": "Mesh249.gem",
    "world": [1.0, 0.0, 0.0, 0.0, 0.0, 1.0, 0.0, 0.0, 0.0, 0.0, -1.0, 0.0, 0.0, 0.0, 0.0, 1.0],
    "bsdf": "diffuse",
    "reflectance": "0.079484_0.080011_0.078957_1.0.png"
}, {
    "filename": "Mesh187.gem",
    "world": [1.0, 0.0, 0.0, 0.0, 0.0, 1.0, 0.0, 0.0, 0.0, 0.0, -1.0, 0.0, 0.0, 0.0, 0.0, 1.0],
    "bsdf": "diffuse",
    "reflectance": "0.578596_0.578596_0.578596_1.0.png"
}, {
    "filename": "Mesh093.gem",
    "world": [1.0, 0.0, 0.0, 0.0, 0.0, 1.0, 0.0, 0.0, 0.0, 0.0, -1.0, 0.0, 0.0, 0.0, 0.0, 1.0],
    "bsdf": "diffuse",
    "reflectance": "0.688883_0.688883_0.688883_1.0.png"
}, {
    "filename": "Mesh154.gem",
    "world": [1.0, 0.0, 0.0, 0.0, 0.0, 1.0, 0.0, 0.0, 0.0, 0.0, -1.0, 0.0, 0.0, 0.0, 0.0, 1.0],
    "bsdf": "diffuse",
    "reflectance": "0.079484_0.080011_0.078957_1.0.png"
}, {
    "filename": "Mesh252.gem",
    "world": [1.0, 0.0, 0.0, 0.0, 0.0, 1.0, 0.0, 0.0, 0.0, 0.0, -1.0, 0.0, 0.0, 0.0, 0.0, 1.0],
    "bsdf": "diffuse",
    "reflectance": "0.578596_0.578596_0.578596_1.0.png"
}, {
    "filename": "Mesh254.gem",
    "world": [1.0, 0.0, 0.0, 0.0, 0.0, 1.0, 0.0, 0.0, 0.0, 0.0, -1.0, 0.0, 0.0, 0.0, 0.0, 1.0],
    "bsdf": "diffuse",
    "reflectance": "0.688883_0.688883_0.688883_1.0.png"
}, {
    "filename": "Mesh099.gem",
    "world": [1.0, 0.0, 0.0, 0.0, 0.0, 1.0, 0.0, 0.0, 0.0, 0.0, -1.0, 0.0, 0.0, 0.0, 0.0, 1.0],
    "bsdf": "diffuse",
    "reflectance": "0.688883_0.688883_0.688883_1.0.png"
}, {
    "filename": "Mesh197.gem",
    "world": [1.0, 0.0, 0.0, 0.0, 0.0, 1.0, 0.0, 0.0, 0.0, 0.0, -1.0, 0.0, 0.0, 0.0, 0.0, 1.0],
    "bsdf": "diffuse",
    "reflectance": "0.079484_0.080011_0.078957_1.0.png"
}, {
    "filename": "Mesh178.gem",
    "world": [1.0, 0.0, 0.0, 0.0, 0.0, 1.0, 0.0, 0.0, 0.0, 0.0, -1.0, 0.0, 0.0, 0.0, 0.0, 1.0],
    "bsdf": "diffuse",
    "reflectance": "0.578596_0.578596_0.578596_1.0.png"
}, {
    "filename": "Mesh164.gem",
    "world": [1.0, 0.0, 0.0, 0.0, 0.0, 1.0, 0.0, 0.0, 0.0, 0.0, -1.0, 0.0, 0.0, 0.0, 0.0, 1.0],
    "bsdf": "diffuse",
    "reflectance": "0.688883_0.688883_0.688883_1.0.png"
}, {
    "filename": "Mesh239.gem",
    "world": [1.0, 0.0, 0.0, 0.0, 0.0, 1.0, 0.0, 0.0, 0.0, 0.0, -1.0, 0.0, 0.0, 0.0, 0.0, 1.0],
    "bsdf": "diffuse",
    "reflectance": "0.578596_0.578596_0.578596_1.0.png"
}, {
    "filename": "Mesh257.gem",
    "world": [1.0, 0.0, 0.0, 0.0, 0.0, 1.0, 0.0, 0.0, 0.0, 0.0, -1.0, 0.0, 0.0, 0.0, 0.0, 1.0],
    "bsdf": "diffuse",
    "reflectance": "0.205138_0.418493_0.8_1.0.png"
}, {
    "filename": "Mesh170.gem",
    "world": [1.0, 0.0, 0.0, 0.0, 0.0, 1.0, 0.0, 0.0, 0.0, 0.0, -1.0, 0.0, 0.0, 0.0, 0.0, 1.0],
    "bsdf": "diffuse",
    "reflectance": "0.8_0.8_0.8_1.0.png"
}, {
    "filename": "Mesh244.gem",
    "world": [1.0, 0.0, 0.0, 0.0, 0.0, 1.0, 0.0, 0.0, 0.0, 0.0, -1.0, 0.0, 0.0, 0.0, 0.0, 1.0],
    "bsdf": "diffuse",
    "reflectance": "0.688883_0.688883_0.688883_1.0.png"
}, {
    "filename": "Mesh258.gem",
    "world": [1.0, 0.0, 0.0, 0.0, 0.0, 1.0, 0.0, 0.0, 0.0, 0.0, -1.0, 0.0, 0.0, 0.0, 0.0, 1.0],
    "bsdf": "diffuse",
    "reflectance": "0.079484_0.080011_0.078957_1.0.png"
}, {
    "filename": "Mesh259.gem",
    "world": [1.0, 0.0, 0.0, 0.0, 0.0, 1.0, 0.0, 0.0, 0.0, 0.0, -1.0, 0.0, 0.0, 0.0, 0.0, 1.0],
    "bsdf": "diffuse",
    "reflectance": "0.578596_0.578596_0.578596_1.0.png"
}, {
    "filename": "Mesh260.gem",
    "world": [1.0, 0.0, 0.0, 0.0, 0.0, 1.0, 0.0, 0.0, 0.0, 0.0, -1.0, 0.0, 0.0, 0.0, 0.0, 1.0],
    "bsdf": "diffuse",
    "reflectance": "0.688883_0.688883_0.688883_1.0.png"
}, {
    "filename": "Mesh226.gem",
    "world": [1.0, 0.0, 0.0, 0.0, 0.0, 1.0, 0.0, 0.0, 0.0, 0.0, -1.0, 0.0, 0.0, 0.0, 0.0, 1.0],
    "bsdf": "diffuse",
    "reflectance": "0.079484_0.080011_0.078957_1.0.png"
}, {
    "filename": "Mesh261.gem",
    "world": [1.0, 0.0, 0.0, 0.0, 0.0, 1.0, 0.0, 0.0, 0.0, 0.0, -1.0, 0.0, 0.0, 0.0, 0.0, 1.0],
    "bsdf": "diffuse",
    "reflectance": "0.578596_0.578596_0.578596_1.0.png"
}, {
    "filename": "Mesh265.gem",
    "world": [1.0, 0.0, 0.0, 0.0, 0.0, 1.0, 0.0, 0.0, 0.0, 0.0, -1.0, 0.0, 0.0, 0.0, 0.0, 1.0],
    "bsdf": "diffuse",
    "reflectance": "0.688883_0.688883_0.688883_1.0.png"
}, {
    "filename": "Mesh266.gem",
    "world": [1.0, 0.0, 0.0, 0.0, 0.0, 1.0, 0.0, 0.0, 0.0, 0.0, -1.0, 0.0, 0.0, 0.0, 0.0, 1.0],
    "bsdf": "diffuse",
    "reflectance": "0.079484_0.080011_0.078957_1.0.png"
}, {
    "filename": "Mesh108.gem",
    "world": [1.0, 0.0, 0.0, 0.0, 0.0, 1.0, 0.0, 0.0, 0.0, 0.0, -1.0, 0.0, 0.0, 0.0, 0.0, 1.0],
    "bsdf": "diffuse",
    "reflectance": "0.578596_0.578596_0.578596_1.0.png"
}, {
    "filename": "Mesh220.gem",
    "world": [1.0, 0.0, 0.0, 0.0, 0.0, 1.0, 0.0, 0.0, 0.0, 0.0, -1.0, 0.0, 0.0, 0.0, 0.0, 1.0],
    "bsdf": "diffuse",
    "reflectance": "0.688883_0.688883_0.688883_1.0.png"
}, {
    "filename": "Mesh222.gem",
    "world": [1.0, 0.0, 0.0, 0.0, 0.0, 1.0, 0.0, 0.0, 0.0, 0.0, -1.0, 0.0, 0.0, 0.0, 0.0, 1.0],
    "bsdf": "diffuse",
    "reflectance": "0.079484_0.080011_0.078957_1.0.png"
}, {
    "filename": "Mesh267.gem",
    "world": [1.0, 0.0, 0.0, 0.0, 0.0, 1.0, 0.0, 0.0, 0.0, 0.0, -1.0, 0.0, 0.0, 0.0, 0.0, 1.0],
    "bsdf": "diffuse",
    "reflectance": "0.578596_0.578596_0.578596_1.0.png"
}, {
    "filename": "Mesh271.gem",
    "world": [1.0, 0.0, 0.0, 0.0, 0.0, 1.0, 0.0, 0.0, 0.0, 0.0, -1.0, 0.0, 0.0, 0.0, 0.0, 1.0],
    "bsdf": "diffuse",
    "reflectance": "0.688883_0.688883_0.688883_1.0.png"
}, {
    "filename": "Mesh105.gem",
    "world": [1.0, 0.0, 0.0, 0.0, 0.0, 1.0, 0.0, 0.0, 0.0, 0.0, -1.0, 0.0, 0.0, 0.0, 0.0, 1.0],
    "bsdf": "diffuse",
    "reflectance": "0.079484_0.080011_0.078957_1.0.png"
}, {
    "filename": "Mesh242.gem",
    "world": [1.0, 0.0, 0.0, 0.0, 0.0, 1.0, 0.0, 0.0, 0.0, 0.0, -1.0, 0.0, 0.0, 0.0, 0.0, 1.0],
    "bsdf": "diffuse",
    "reflectance": "0.578596_0.578596_0.578596_1.0.png"
}, {
    "filename": "Mesh044.gem",
    "world": [1.0, 0.0, 0.0, 0.0, 0.0, 1.0, 0.0, 0.0, 0.0, 0.0, -1.0, 0.0, 0.0, 0.0, 0.0, 1.0],
    "bsdf": "diffuse",
    "reflectance": "0.688883_0.688883_0.688883_1.0.png"
}, {
    "filename": "Mesh043.gem",
    "world": [1.0, 0.0, 0.0, 0.0, 0.0, 1.0, 0.0, 0.0, 0.0, 0.0, -1.0, 0.0, 0.0, 0.0, 0.0, 1.0],
    "bsdf": "diffuse",
    "reflectance": "0.079484_0.080011_0.078957_1.0.png"
}, {
    "filename": "Mesh042.gem",
    "world": [1.0, 0.0, 0.0, 0.0, 0.0, 1.0, 0.0, 0.0, 0.0, 0.0, -1.0, 0.0, 0.0, 0.0, 0.0, 1.0],
    "bsdf": "diffuse",
    "reflectance": "0.578596_0.578596_0.578596_1.0.png"
}, {
    "filename": "Mesh040.gem",
    "world": [1.0, 0.0, 0.0, 0.0, 0.0, 1.0, 0.0, 0.0, 0.0, 0.0, -1.0, 0.0, 0.0, 0.0, 0.0, 1.0],
    "bsdf": "diffuse",
    "reflectance": "0.688883_0.688883_0.688883_1.0.png"
}, {
    "filename": "Mesh057.gem",
    "world": [1.0, 0.0, 0.0, 0.0, 0.0, 1.0, 0.0, 0.0, 0.0, 0.0, -1.0, 0.0, 0.0, 0.0, 0.0, 1.0],
    "bsdf": "diffuse",
    "reflectance": "0.079484_0.080011_0.078957_1.0.png"
}, {
    "filename": "Mesh200.gem",
    "world": [1.0, 0.0, 0.0, 0.0, 0.0, 1.0, 0.0, 0.0, 0.0, 0.0, -1.0, 0.0, 0.0, 0.0, 0.0, 1.0],
    "bsdf": "diffuse",
    "reflectance": "0.578596_0.578596_0.578596_1.0.png"
}, {
    "filename": "Mesh039.gem",
    "world": [1.0, 0.0, 0.0, 0.0, 0.0, 1.0, 0.0, 0.0, 0.0, 0.0, -1.0, 0.0, 0.0, 0.0, 0.0, 1.0],
    "bsdf": "diffuse",
    "reflectance": "0.688883_0.688883_0.688883_1.0.png"
}, {
    "filename": "Mesh038.gem",
    "world": [1.0, 0.0, 0.0, 0.0, 0.0, 1.0, 0.0, 0.0, 0.0, 0.0, -1.0, 0.0, 0.0, 0.0, 0.0, 1.0],
    "bsdf": "diffuse",
    "reflectance": "0.079484_0.080011_0.078957_1.0.png"
}, {
    "filename": "Mesh037.gem",
    "world": [1.0, 0.0, 0.0, 0.0, 0.0, 1.0, 0.0, 0.0, 0.0, 0.0, -1.0, 0.0, 0.0, 0.0, 0.0, 1.0],
    "bsdf": "diffuse",
    "reflectance": "0.578596_0.578596_0.578596_1.0.png"
}, {
    "filename": "Mesh052.gem",
    "world": [1.0, 0.0, 0.0, 0.0, 0.0, 1.0, 0.0, 0.0, 0.0, 0.0, -1.0, 0.0, 0.0, 0.0, 0.0, 1.0],
    "bsdf": "diffuse",
    "reflectance": "0.688883_0.688883_0.688883_1.0.png"
}, {
    "filename": "Mesh036.gem",
    "world": [1.0, 0.0, 0.0, 0.0, 0.0, 1.0, 0.0, 0.0, 0.0, 0.0, -1.0, 0.0, 0.0, 0.0, 0.0, 1.0],
    "bsdf": "diffuse",
    "reflectance": "0.079484_0.080011_0.078957_1.0.png"
}, {
    "filename": "Mesh035.gem",
    "world": [1.0, 0.0, 0.0, 0.0, 0.0, 1.0, 0.0, 0.0, 0.0, 0.0, -1.0, 0.0, 0.0, 0.0, 0.0, 1.0],
    "bsdf": "diffuse",
    "reflectance": "0.578596_0.578596_0.578596_1.0.png"
}, {
    "filename": "Mesh241.gem",
    "world": [1.0, 0.0, 0.0, 0.0, 0.0, 1.0, 0.0, 0.0, 0.0, 0.0, -1.0, 0.0, 0.0, 0.0, 0.0, 1.0],
    "bsdf": "diffuse",
    "reflectance": "0.688883_0.688883_0.688883_1.0.png"
}, {
    "filename": "Mesh034.gem",
    "world": [1.0, 0.0, 0.0, 0.0, 0.0, 1.0, 0.0, 0.0, 0.0, 0.0, -1.0, 0.0, 0.0, 0.0, 0.0, 1.0],
    "bsdf": "diffuse",
    "reflectance": "0.079484_0.080011_0.078957_1.0.png"
}, {
    "filename": "Mesh033.gem",
    "world": [1.0, 0.0, 0.0, 0.0, 0.0, 1.0, 0.0, 0.0, 0.0, 0.0, -1.0, 0.0, 0.0, 0.0, 0.0, 1.0],
    "bsdf": "diffuse",
    "reflectance": "0.578596_0.578596_0.578596_1.0.png"
}, {
    "filename": "Mesh179.gem",
    "world": [1.0, 0.0, 0.0, 0.0, 0.0, 1.0, 0.0, 0.0, 0.0, 0.0, -1.0, 0.0, 0.0, 0.0, 0.0, 1.0],
    "bsdf": "diffuse",
    "reflectance": "0.688883_0.688883_0.688883_1.0.png"
}, {
    "filename": "Mesh263.gem",
    "world": [1.0, 0.0, 0.0, 0.0, 0.0, 1.0, 0.0, 0.0, 0.0, 0.0, -1.0, 0.0, 0.0, 0.0, 0.0, 1.0],
    "bsdf": "diffuse",
    "reflectance": "0.079484_0.080011_0.078957_1.0.png"
}, {
    "filename": "Mesh032.gem",
    "world": [1.0, 0.0, 0.0, 0.0, 0.0, 1.0, 0.0, 0.0, 0.0, 0.0, -1.0, 0.0, 0.0, 0.0, 0.0, 1.0],
    "bsdf": "diffuse",
    "reflectance": "0.578596_0.578596_0.578596_1.0.png"
}, {
    "filename": "Mesh031.gem",
    "world": [1.0, 0.0, 0.0, 0.0, 0.0, 1.0, 0.0, 0.0, 0.0, 0.0, -1.0, 0.0, 0.0, 0.0, 0.0, 1.0],
    "bsdf": "diffuse",
    "reflectance": "0.688883_0.688883_0.688883_1.0.png"
}, {
    "filename": "Mesh030.gem",
    "world": [1.0, 0.0, 0.0, 0.0, 0.0, 1.0, 0.0, 0.0, 0.0, 0.0, -1.0, 0.0, 0.0, 0.0, 0.0, 1.0],
    "bsdf": "diffuse",
    "reflectance": "0.079484_0.080011_0.078957_1.0.png"
}, {
    "filename": "Mesh122.gem",
    "world": [1.0, 0.0, 0.0, 0.0, 0.0, 1.0, 0.0, 0.0, 0.0, 0.0, -1.0, 0.0, 0.0, 0.0, 0.0, 1.0],
    "bsdf": "diffuse",
    "reflectance": "0.578596_0.578596_0.578596_1.0.png"
}, {
    "filename": "Mesh028.gem",
    "world": [1.0, 0.0, 0.0, 0.0, 0.0, 1.0, 0.0, 0.0, 0.0, 0.0, -1.0, 0.0, 0.0, 0.0, 0.0, 1.0],
    "bsdf": "diffuse",
    "reflectance": "0.688883_0.688883_0.688883_1.0.png"
}, {
    "filename": "Mesh026.gem",
    "world": [1.0, 0.0, 0.0, 0.0, 0.0, 1.0, 0.0, 0.0, 0.0, 0.0, -1.0, 0.0, 0.0, 0.0, 0.0, 1.0],
    "bsdf": "diffuse",
    "reflectance": "0.079484_0.080011_0.078957_1.0.png"
}, {
    "filename": "Mesh205.gem",
    "world": [1.0, 0.0, 0.0, 0.0, 0.0, 1.0, 0.0, 0.0, 0.0, 0.0, -1.0, 0.0, 0.0, 0.0, 0.0, 1.0],
    "bsdf": "diffuse",
    "reflectance": "0.578596_0.578596_0.578596_1.0.png"
}, {
    "filename": "Mesh135.gem",
    "world": [1.0, 0.0, 0.0, 0.0, 0.0, 1.0, 0.0, 0.0, 0.0, 0.0, -1.0, 0.0, 0.0, 0.0, 0.0, 1.0],
    "bsdf": "diffuse",
    "reflectance": "0.393113_0.295146_0.217308_1.0.png"
}, {
    "filename": "Mesh027.gem",
    "world": [1.0, 0.0, 0.0, 0.0, 0.0, 1.0, 0.0, 0.0, 0.0, 0.0, -1.0, 0.0, 0.0, 0.0, 0.0, 1.0],
    "bsdf": "diffuse",
    "reflectance": "0.688883_0.688883_0.688883_1.0.png"
}, {
    "filename": "Mesh119.gem",
    "world": [1.0, 0.0, 0.0, 0.0, 0.0, 1.0, 0.0, 0.0, 0.0, 0.0, -1.0, 0.0, 0.0, 0.0, 0.0, 1.0],
    "bsdf": "diffuse",
    "reflectance": "0.079484_0.080011_0.078957_1.0.png"
}, {
    "filename": "Mesh025.gem",
    "world": [1.0, 0.0, 0.0, 0.0, 0.0, 1.0, 0.0, 0.0, 0.0, 0.0, -1.0, 0.0, 0.0, 0.0, 0.0, 1.0],
    "bsdf": "diffuse",
    "reflectance": "0.578596_0.578596_0.578596_1.0.png"
}, {
    "filename": "Mesh102.gem",
    "world": [1.0, 0.0, 0.0, 0.0, 0.0, 1.0, 0.0, 0.0, 0.0, 0.0, -1.0, 0.0, 0.0, 0.0, 0.0, 1.0],
    "bsdf": "diffuse",
    "reflectance": "0.205138_0.418493_0.8_1.0.png"
}, {
    "filename": "Mesh245.gem",
    "world": [1.0, 0.0, 0.0, 0.0, 0.0, 1.0, 0.0, 0.0, 0.0, 0.0, -1.0, 0.0, 0.0, 0.0, 0.0, 1.0],
    "bsdf": "diffuse",
    "reflectance": "0.426132_0.426132_0.426132_1.0.png"
}, {
    "filename": "Mesh183.gem",
    "world": [1.0, 0.0, 0.0, 0.0, 0.0, 1.0, 0.0, 0.0, 0.0, 0.0, -1.0, 0.0, 0.0, 0.0, 0.0, 1.0],
    "bsdf": "diffuse",
    "reflectance": "0.688883_0.688883_0.688883_1.0.png"
}, {
    "filename": "Mesh024.gem",
    "world": [1.0, 0.0, 0.0, 0.0, 0.0, 1.0, 0.0, 0.0, 0.0, 0.0, -1.0, 0.0, 0.0, 0.0, 0.0, 1.0],
    "bsdf": "diffuse",
    "reflectance": "0.273831_0.258563_0.18314_1.0.png"
}, {
    "filename": "Mesh023.gem",
    "world": [1.0, 0.0, 0.0, 0.0, 0.0, 1.0, 0.0, 0.0, 0.0, 0.0, -1.0, 0.0, 0.0, 0.0, 0.0, 1.0],
    "bsdf": "glass",
    "intIOR": "1.5",
    "extIOR": "1",
    "reflectance": "1_1_1.png"
}, {
    "filename": "Mesh134.gem",
    "world": [1.0, 0.0, 0.0, 0.0, 0.0, 1.0, 0.0, 0.0, 0.0, 0.0, -1.0, 0.0, 0.0, 0.0, 0.0, 1.0],
    "bsdf": "diffuse",
    "reflectance": "0.000273_0.000273_0.000273_1.0.png"
}, {
    "filename": "Mesh150.gem",
    "world": [1.0, 0.0, 0.0, 0.0, 0.0, 1.0, 0.0, 0.0, 0.0, 0.0, -1.0, 0.0, 0.0, 0.0, 0.0, 1.0],
    "bsdf": "diffuse",
    "reflectance": "0.000273_0.000273_0.000273_1.0.png"
}, {
    "filename": "Mesh022.gem",
    "world": [1.0, 0.0, 0.0, 0.0, 0.0, 1.0, 0.0, 0.0, 0.0, 0.0, -1.0, 0.0, 0.0, 0.0, 0.0, 1.0],
    "bsdf": "diffuse",
    "reflectance": "0.426132_0.426132_0.426132_1.0.png"
}, {
    "filename": "Mesh041.gem",
    "world": [1.0, 0.0, 0.0, 0.0, 0.0, 1.0, 0.0, 0.0, 0.0, 0.0, -1.0, 0.0, 0.0, 0.0, 0.0, 1.0],
    "bsdf": "diffuse",
    "reflectance": "0.080011_0.080011_0.080011_1.0.png"
}, {
    "filename": "Mesh233.gem",
    "world": [1.0, 0.0, 0.0, 0.0, 0.0, 1.0, 0.0, 0.0, 0.0, 0.0, -1.0, 0.0, 0.0, 0.0, 0.0, 1.0],
    "bsdf": "diffuse",
    "reflectance": "0.578596_0.578596_0.578596_1.0.png"
}, {
    "filename": "Mesh021.gem",
    "world": [1.0, 0.0, 0.0, 0.0, 0.0, 1.0, 0.0, 0.0, 0.0, 0.0, -1.0, 0.0, 0.0, 0.0, 0.0, 1.0],
    "bsdf": "diffuse",
    "reflectance": "0.688883_0.688883_0.688883_1.0.png"
}, {
    "filename": "Mesh019.gem",
    "world": [1.0, 0.0, 0.0, 0.0, 0.0, 1.0, 0.0, 0.0, 0.0, 0.0, -1.0, 0.0, 0.0, 0.0, 0.0, 1.0],
    "bsdf": "diffuse",
    "reflectance": "0.688883_0.688883_0.688883_1.0.png"
}, {
    "filename": "Mesh018.gem",
    "world": [1.0, 0.0, 0.0, 0.0, 0.0, 1.0, 0.0, 0.0, 0.0, 0.0, -1.0, 0.0, 0.0, 0.0, 0.0, 1.0],
    "bsdf": "diffuse",
    "reflectance": "0.8_0.8_0.8_1.0.png"
}, {
    "filename": "Mesh121.gem",
    "world": [1.0, 0.0, 0.0, 0.0, 0.0, 1.0, 0.0, 0.0, 0.0, 0.0, -1.0, 0.0, 0.0, 0.0, 0.0, 1.0],
    "bsdf": "diffuse",
    "reflectance": "0.8_0.8_0.8_1.0.png"
}, {
    "filename": "Mesh020.gem",
    "world": [1.0, 0.0, 0.0, 0.0, 0.0, 1.0, 0.0, 0.0, 0.0, 0.0, -1.0, 0.0, 0.0, 0.0, 0.0, 1.0],
    "bsdf": "diffuse",
    "reflectance": "0.688883_0.688883_0.688883_1.0.png"
}, {
    "filename": "Mesh017.gem",
    "world": [1.0, 0.0, 0.0, 0.0, 0.0, 1.0, 0.0, 0.0, 0.0, 0.0, -1.0, 0.0, 0.0, 0.0, 0.0, 1.0],
    "bsdf": "diffuse",
    "reflectance": "0.688883_0.688883_0.688883_1.0.png"
}, {
    "filename": "Mesh016.gem",
    "world": [1.0, 0.0, 0.0, 0.0, 0.0, 1.0, 0.0, 0.0, 0.0, 0.0, -1.0, 0.0, 0.0, 0.0, 0.0, 1.0],
    "bsdf": "diffuse",
    "reflectance": "0.426695_0.375011_0.363006_1.0.png"
}, {
    "filename": "Mesh015.gem",
    "world": [1.0, 0.0, 0.0, 0.0, 0.0, 1.0, 0.0, 0.0, 0.0, 0.0, -1.0, 0.0, 0.0, 0.0, 0.0, 1.0],
    "bsdf": "diffuse",
    "reflectance": "0.688883_0.688883_0.688883_1.0.png"
}, {
    "filename": "Mesh269.gem",
    "world": [1.0, 0.0, 0.0, 0.0, 0.0, 1.0, 0.0, 0.0, 0.0, 0.0, -1.0, 0.0, 0.0, 0.0, 0.0, 1.0],
    "bsdf": "diffuse",
    "reflectance": "0.393113_0.295146_0.217308_1.0.png"
}, {
    "filename": "Mesh014.gem",
    "world": [1.0, 0.0, 0.0, 0.0, 0.0, 1.0, 0.0, 0.0, 0.0, 0.0, -1.0, 0.0, 0.0, 0.0, 0.0, 1.0],
    "bsdf": "diffuse",
    "reflectance": "0.028991_0.028991_0.028991_1.0.png"
}, {
    "filename": "Mesh207.gem",
    "world": [1.0, 0.0, 0.0, 0.0, 0.0, 1.0, 0.0, 0.0, 0.0, 0.0, -1.0, 0.0, 0.0, 0.0, 0.0, 1.0],
    "bsdf": "diffuse",
    "reflectance": "0.8_0.8_0.8_1.0.png"
}, {
    "filename": "Mesh013.gem",
    "world": [1.0, 0.0, 0.0, 0.0, 0.0, 1.0, 0.0, 0.0, 0.0, 0.0, -1.0, 0.0, 0.0, 0.0, 0.0, 1.0],
    "bsdf": "diffuse",
    "reflectance": "0.688883_0.688883_0.688883_1.0.png"
}, {
    "filename": "Mesh113.gem",
    "world": [1.0, 0.0, 0.0, 0.0, 0.0, 1.0, 0.0, 0.0, 0.0, 0.0, -1.0, 0.0, 0.0, 0.0, 0.0, 1.0],
    "bsdf": "diffuse",
    "reflectance": "0.133209_0.133209_0.133209_1.0.png"
}, {
    "filename": "Mesh012.gem",
    "world": [1.0, 0.0, 0.0, 0.0, 0.0, 1.0, 0.0, 0.0, 0.0, 0.0, -1.0, 0.0, 0.0, 0.0, 0.0, 1.0],
    "bsdf": "glass",
    "intIOR": "1.5",
    "extIOR": "1",
    "reflectance": "1_1_1.png"
}, {
    "filename": "Mesh056.gem",
    "world": [1.0, 0.0, 0.0, 0.0, 0.0, 1.0, 0.0, 0.0, 0.0, 0.0, -1.0, 0.0, 0.0, 0.0, 0.0, 1.0],
    "bsdf": "diffuse",
    "reflectance": "0.419979_0.390887_0.369568_1.0.png"
}, {
    "filename": "Mesh011.gem",
    "world": [1.0, 0.0, 0.0, 0.0, 0.0, 1.0, 0.0, 0.0, 0.0, 0.0, -1.0, 0.0, 0.0, 0.0, 0.0, 1.0],
    "bsdf": "diffuse",
    "reflectance": "0.334323_0.255375_0.1892_1.0.png"
}, {
    "filename": "Mesh010.gem",
    "world": [1.0, 0.0, 0.0, 0.0, 0.0, 1.0, 0.0, 0.0, 0.0, 0.0, -1.0, 0.0, 0.0, 0.0, 0.0, 1.0],
    "bsdf": "diffuse",
    "reflectance": "0.688883_0.688883_0.688883_1.0.png"
}, {
    "filename": "Mesh009.gem",
    "world": [1.0, 0.0, 0.0, 0.0, 0.0, 1.0, 0.0, 0.0, 0.0, 0.0, -1.0, 0.0, 0.0, 0.0, 0.0, 1.0],
    "bsdf": "diffuse",
    "reflectance": "0.419979_0.390887_0.369568_1.0.png"
}, {
    "filename": "Mesh181.gem",
    "world": [1.0, 0.0, 0.0, 0.0, 0.0, 1.0, 0.0, 0.0, 0.0, 0.0, -1.0, 0.0, 0.0, 0.0, 0.0, 1.0],
    "bsdf": "diffuse",
    "reflectance": "0.688883_0.688883_0.688883_1.0.png"
}, {
    "filename": "Mesh268.gem",
    "world": [1.0, 0.0, 0.0, 0.0, 0.0, 1.0, 0.0, 0.0, 0.0, 0.0, -1.0, 0.0, 0.0, 0.0, 0.0, 1.0],
    "bsdf": "diffuse",
    "reflectance": "0.416131_0.401572_0.395541_1.0.png"
}, {
    "filename": "Mesh095.gem",
    "world": [1.0, 0.0, 0.0, 0.0, 0.0, 1.0, 0.0, 0.0, 0.0, 0.0, -1.0, 0.0, 0.0, 0.0, 0.0, 1.0],
    "bsdf": "diffuse",
    "reflectance": "0.661862_0.661862_0.661862_1.0.png"
}, {
    "filename": "Mesh008.gem",
    "world": [1.0, 0.0, 0.0, 0.0, 0.0, 1.0, 0.0, 0.0, 0.0, 0.0, -1.0, 0.0, 0.0, 0.0, 0.0, 1.0],
    "bsdf": "diffuse",
    "reflectance": "0.419979_0.390887_0.369568_1.0.png"
}, {
    "filename": "Mesh097.gem",
    "world": [1.0, 0.0, 0.0, 0.0, 0.0, 1.0, 0.0, 0.0, 0.0, 0.0, -1.0, 0.0, 0.0, 0.0, 0.0, 1.0],
    "bsdf": "diffuse",
    "reflectance": "0.028991_0.028991_0.028991_1.0.png"
}, {
    "filename": "Mesh007.gem",
    "world": [1.0, 0.0, 0.0, 0.0, 0.0, 1.0, 0.0, 0.0, 0.0, 0.0, -1.0, 0.0, 0.0, 0.0, 0.0, 1.0],
    "bsdf": "diffuse",
    "reflectance": "0.688883_0.688883_0.688883_1.0.png"
}, {
    "filename": "Mesh006.gem",
    "world": [1.0, 0.0, 0.0, 0.0, 0.0, 1.0, 0.0, 0.0, 0.0, 0.0, -1.0, 0.0, 0.0, 0.0, 0.0, 1.0],
    "bsdf": "diffuse",
    "reflectance": "0.426132_0.426132_0.426132_1.0.png"
}, {
    "filename": "Mesh029.gem",
    "world": [1.0, 0.0, 0.0, 0.0, 0.0, 1.0, 0.0, 0.0, 0.0, 0.0, -1.0, 0.0, 0.0, 0.0, 0.0, 1.0],
    "bsdf": "diffuse",
    "reflectance": "0.8_0.8_0.8_1.0.png"
}, {
    "filename": "Mesh005.gem",
    "world": [1.0, 0.0, 0.0, 0.0, 0.0, 1.0, 0.0, 0.0, 0.0, 0.0, -1.0, 0.0, 0.0, 0.0, 0.0, 1.0],
    "bsdf": "diffuse",
    "reflectance": "0.578596_0.578596_0.578596_1.0.png"
}, {
    "filename": "Mesh004.gem",
    "world": [1.0, 0.0, 0.0, 0.0, 0.0, 1.0, 0.0, 0.0, 0.0, 0.0, -1.0, 0.0, 0.0, 0.0, 0.0, 1.0],
    "bsdf": "diffuse",
    "reflectance": "0.688883_0.688883_0.688883_1.0.png"
}, {
    "filename": "Mesh003.gem",
    "world": [1.0, 0.0, 0.0, 0.0, 0.0, 1.0, 0.0, 0.0, 0.0, 0.0, -1.0, 0.0, 0.0, 0.0, 0.0, 1.0],
    "bsdf": "diffuse",
    "reflectance": "0.052861_0.138432_0.799103_1.0.png"
}, {
    "filename": "Mesh067.gem",
    "world": [1.0, 0.0, 0.0, 0.0, 0.0, 1.0, 0.0, 0.0, 0.0, 0.0, -1.0, 0.0, 0.0, 0.0, 0.0, 1.0],
    "bsdf": "diffuse",
    "reflectance": "0.8_0.0619_0.031334_1.0.png"
}, {
    "filename": "Mesh262.gem",
    "world": [1.0, 0.0, 0.0, 0.0, 0.0, 1.0, 0.0, 0.0, 0.0, 0.0, -1.0, 0.0, 0.0, 0.0, 0.0, 1.0],
    "bsdf": "diffuse",
    "reflectance": "0.699394_0.699394_0.699394_1.0.png"
}, {
    "filename": "Mesh059.gem",
    "world": [1.0, 0.0, 0.0, 0.0, 0.0, 1.0, 0.0, 0.0, 0.0, 0.0, -1.0, 0.0, 0.0, 0.0, 0.0, 1.0],
    "bsdf": "diffuse",
    "reflectance": "0.8_0.8_0.8_1.0.png"
}, {
    "filename": "Mesh002.gem",
    "world": [1.0, 0.0, 0.0, 0.0, 0.0, 1.0, 0.0, 0.0, 0.0, 0.0, -1.0, 0.0, 0.0, 0.0, 0.0, 1.0],
    "bsdf": "diffuse",
    "reflectance": "0.578596_0.578596_0.578596_1.0.png"
}, {
    "filename": "Mesh001.gem",
    "world": [1.0, 0.0, 0.0, 0.0, 0.0, 1.0, 0.0, 0.0, 0.0, 0.0, -1.0, 0.0, 0.0, 0.0, 0.0, 1.0],
    "bsdf": "diffuse",
    "reflectance": "0.426132_0.426132_0.426132_1.0.png"
}, {
    "filename": "Mesh000.gem",
    "world": [1.0, 0.0, 0.0, 0.0, 0.0, 1.0, 0.0, 0.0, 0.0, 0.0, -1.0, 0.0, 0.0, 0.0, 0.0, 1.0],
    "bsdf": "diffuse",
    "reflectance": "0.688883_0.688883_0.688883_1.0.png"
}]
}