{
    "width": "1280",
    "height": "720",
    "fov": "35.0",
    "from": "-369.841919 61.623100 490.574432",
    "to": "-369.326324 61.623100 489.717499",
    "up": "0 1 0",
    "envmap": "Sky.hdr",
    "instances": [{
    "filename": "Water.gem",
    "world": [1000.0, 0.0, 0.0, 0.0, 0.0, 1000.0, 0.0, 0.0, 0.0, 0.0, -1000.0, 0.0, 0.0, 0.0, 0.0, 1.0],
    "bsdf": "glass",
    "reflectance": "1_1_1.png"
}, {
    "filename": "Mesh0.gem",
    "world": [1000.0, 0.0, 0.0, 0.0, 0.0, 1000.0, 0.0, 0.0, 0.0, 0.0, -1000.0, 0.0, 0.0, 0.0, 0.0, 1.0],
    "bsdf": "diffuse",
    "reflectance": "Terrain.bmp"
}]
}