{
    "width": "1024",
    "height": "1024",
    "fov": "19.5",
    "from": "0.0 1.0 6.8",
    "to": "0.0 1.0 5.8",
    "up": "0.0 1.0 0.0",
    "instances": [{
    "filename": "Rectangle.gem",
    "world": [-4.37114e-08, 1.0, 4.37114e-08, 0.0, 0.0, -8.74228e-08, 2.0, 0.0, 1.0, 4.37114e-08, 1.91069e-15, 0.0, 0.0, 0.0, 0.0, 1.0],
    "bsdf": "diffuse",
    "reflectance": "0.725_0.71_0.68_1.0.png"
}, {
    "filename": "Rectangle.gem",
    "world": [-1.0, 7.64274e-15, -1.74846e-07, 0.0, 8.74228e-08, 8.74228e-08, -2.0, 2.0, 0.0, -1.0, -4.37114e-08, 0.0, 0.0, 0.0, 0.0, 1.0],
    "bsdf": "diffuse",
    "reflectance": "0.725_0.71_0.68_1.0.png"
}, {
    "filename": "Rectangle.gem",
    "world": [1.91069e-15, 1.0, 1.31134e-07, 0.0, 1.0, 3.82137e-15, -8.74228e-08, 1.0, -4.37114e-08, 1.31134e-07, -2.0, -1.0, 0.0, 0.0, 0.0, 1.0],
    "bsdf": "diffuse",
    "reflectance": "0.725_0.71_0.68_1.0.png"
}, {
    "filename": "Rectangle.gem",
    "world": [4.37114e-08, -1.74846e-07, 2.0, 1.0, 1.0, 3.82137e-15, -8.74228e-08, 1.0, 3.82137e-15, 1.0, 2.18557e-07, 0.0, 0.0, 0.0, 0.0, 1.0],
    "bsdf": "diffuse",
    "reflectance": "0.14_0.45_0.091_1.0.png"
}, {
    "filename": "Rectangle.gem",
    "world": [-4.37114e-08, 8.74228e-08, -2.0, -1.0, 1.0, 3.82137e-15, -8.74228e-08, 1.0, 0.0, -1.0, -4.37114e-08, 0.0, 0.0, 0.0, 0.0, 1.0],
    "bsdf": "diffuse",
    "reflectance": "0.63_0.065_0.05_1.0.png"
}, {
    "filename": "Cube.gem",
    "world": [0.0851643, 0.289542, 1.31134e-08, 0.328631, 3.72265e-09, 1.26563e-08, -0.3, 0.3, -0.284951, 0.0865363, 5.73206e-16, 0.374592, 0.0, 0.0, 0.0, 1.0],
    "bsdf": "diffuse",
    "reflectance": "0.725_0.71_0.68_1.0.png"
}, {
    "filename": "Cube.gem",
    "world": [0.286776, 0.098229, -2.29282e-15, -0.335439, -4.36233e-09, 1.23382e-08, -0.6, 0.6, -0.0997984, 0.282266, 2.62268e-08, -0.291415, 0.0, 0.0, 0.0, 1.0],
    "bsdf": "diffuse",
    "reflectance": "0.725_0.71_0.68_1.0.png"
}, {
    "filename": "Rectangle.gem",
    "world": [0.235, -1.66103e-08, -7.80685e-09, -0.005, -2.05444e-08, 3.90343e-09, -0.0893, 1.98, 2.05444e-08, 0.19, 8.30516e-09, -0.03, 0.0, 0.0, 0.0, 1.0],
    "bsdf": "diffuse",
    "reflectance": "0_0_0_1.0.png",
    "emission": "17 12 4"
}]
}