{
    "width": "1024",
    "height": "1024",
    "fov": "70.0",
    "from": "6.91182 1.65163 2.55414",
    "to": "6.011642999999999 1.6516299531788 2.118617",
    "up": "-4.21474e-08 1.0 -2.03917e-08",
    "instances": [{
    "filename": "Mesh008.gem",
    "world": [1.0, 0.0, 0.0, 0.0, 0.0, 1.0, 0.0, 0.0, 0.0, 0.0, -1.0, 0.0, 0.0, 0.0, 0.0, 1.0],
    "bsdf": "diffuse",
    "reflectance": "1_1_1_1.0.png"
}, {
    "filename": "Mesh004.gem",
    "world": [1.0, 0.0, 0.0, 0.0, 0.0, 1.0, 0.0, 0.0, 0.0, 0.0, -1.0, 0.0, 0.0, 0.0, 0.0, 1.0],
    "bsdf": "diffuse",
    "reflectance": "1_1_1_1.0.png"
}, {
    "filename": "Mesh003.gem",
    "world": [1.0, 0.0, 0.0, 0.0, 0.0, 1.0, 0.0, 0.0, 0.0, 0.0, -1.0, 0.0, 0.0, 0.0, 0.0, 1.0],
    "bsdf": "diffuse",
    "reflectance": "1_1_1_1.0.png"
}, {
    "filename": "Mesh006.gem",
    "world": [1.0, 0.0, 0.0, 0.0, 0.0, 1.0, 0.0, 0.0, 0.0, 0.0, -1.0, 0.0, 0.0, 0.0, 0.0, 1.0],
    "bsdf": "diffuse",
    "reflectance": "1_1_1_1.0.png"
}, {
    "filename": "Mesh012.gem",
    "world": [1.0, 0.0, 0.0, 0.0, 0.0, 1.0, 0.0, 0.0, 0.0, 0.0, -1.0, 0.0, 0.0, 0.0, 0.0, 1.0],
    "bsdf": "diffuse",
    "reflectance": "0.893289_0.893289_0.893289_1.0.png"
}, {
    "filename": "Mesh013.gem",
    "world": [1.0, 0.0, 0.0, 0.0, 0.0, 1.0, 0.0, 0.0, 0.0, 0.0, -1.0, 0.0, 0.0, 0.0, 0.0, 1.0],
    "bsdf": "diffuse",
    "reflectance": "1_1_1_1.0.png"
}, {
    "filename": "Mesh010.gem",
    "world": [1.0, 0.0, 0.0, 0.0, 0.0, 1.0, 0.0, 0.0, 0.0, 0.0, -1.0, 0.0, 0.0, 0.0, 0.0, 1.0],
    "bsdf": "conductor",
    "roughness": "0.003803723578239983",
    "extEta": "1",
    "reflectance": "1_1_1_1.0.png",
    "eta": "4.36968 2.9167 1.6547",
    "k": "5.20643 4.23136 3.75495"
}, {
    "filename": "Mesh015.gem",
    "world": [1.0, 0.0, 0.0, 0.0, 0.0, 1.0, 0.0, 0.0, 0.0, 0.0, -1.0, 0.0, 0.0, 0.0, 0.0, 1.0],
    "bsdf": "conductor",
    "roughness": "0.003803723578239983",
    "extEta": "1",
    "reflectance": "1_1_1_1.0.png",
    "eta": "4.36968 2.9167 1.6547",
    "k": "5.20643 4.23136 3.75495"
}, {
    "filename": "Mesh002.gem",
    "world": [1.0, 0.0, 0.0, 0.0, 0.0, 1.0, 0.0, 0.0, 0.0, 0.0, -1.0, 0.0, 0.0, 0.0, 0.0, 1.0],
    "bsdf": "conductor",
    "roughness": "0.003803723578239983",
    "extEta": "1",
    "reflectance": "1_1_1_1.0.png",
    "eta": "4.36968 2.9167 1.6547",
    "k": "5.20643 4.23136 3.75495"
}, {
    "filename": "Mesh007.gem",
    "world": [1.0, 0.0, 0.0, 0.0, 0.0, 1.0, 0.0, 0.0, 0.0, 0.0, -1.0, 0.0, 0.0, 0.0, 0.0, 1.0],
    "bsdf": "conductor",
    "roughness": "0.003803723578239983",
    "extEta": "1",
    "reflectance": "1_1_1_1.0.png",
    "eta": "4.36968 2.9167 1.6547",
    "k": "5.20643 4.23136 3.75495"
}, {
    "filename": "Mesh005.gem",
    "world": [1.0, 0.0, 0.0, 0.0, 0.0, 1.0, 0.0, 0.0, 0.0, 0.0, -1.0, 0.0, 0.0, 0.0, 0.0, 1.0],
    "bsdf": "conductor",
    "roughness": "0.003803723578239983",
    "extEta": "1",
    "reflectance": "1_1_1_1.0.png",
    "eta": "1.65746 0.880369 0.521229",
    "k": "9.22387 6.26952 4.837"
}, {
    "filename": "Mesh016.gem",
    "world": [1.0, 0.0, 0.0, 0.0, 0.0, 1.0, 0.0, 0.0, 0.0, 0.0, -1.0, 0.0, 0.0, 0.0, 0.0, 1.0],
    "bsdf": "plastic",
    "roughness": "0.003803723578239983",
    "intIOR": "1.5",
    "extIOR": "1",
    "reflectance": "wood5.jpg"
}, {
    "filename": "Mesh017.gem",
    "world": [1.0, 0.0, 0.0, 0.0, 0.0, 1.0, 0.0, 0.0, 0.0, 0.0, -1.0, 0.0, 0.0, 0.0, 0.0, 1.0],
    "bsdf": "plastic",
    "roughness": "0.003803723578239983",
    "intIOR": "1.5",
    "extIOR": "1",
    "reflectance": "wood5.jpg"
}, {
    "filename": "Mesh018.gem",
    "world": [1.0, 0.0, 0.0, 0.0, 0.0, 1.0, 0.0, 0.0, 0.0, 0.0, -1.0, 0.0, 0.0, 0.0, 0.0, 1.0],
    "bsdf": "diffuse",
    "reflectance": "Wallpaper.jpg"
}, {
    "filename": "Mesh011.gem",
    "world": [1.0, 0.0, 0.0, 0.0, 0.0, 1.0, 0.0, 0.0, 0.0, 0.0, -1.0, 0.0, 0.0, 0.0, 0.0, 1.0],
    "bsdf": "plastic",
    "roughness": "3.8037235782399825e-05",
    "intIOR": "1.5",
    "extIOR": "1",
    "reflectance": "Tiles.jpg"
}, {
    "filename": "Mesh014.gem",
    "world": [1.0, 0.0, 0.0, 0.0, 0.0, 1.0, 0.0, 0.0, 0.0, 0.0, -1.0, 0.0, 0.0, 0.0, 0.0, 1.0],
    "bsdf": "glass",
    "reflectance": "1_1_1.png"
}, {
    "filename": "Mesh001.gem",
    "world": [1.0, 0.0, 0.0, 0.0, 0.0, 1.0, 0.0, 0.0, 0.0, 0.0, -1.0, 0.0, 0.0, 0.0, 0.0, 1.0],
    "bsdf": "plastic",
    "roughness": "0.003803723578239983",
    "intIOR": "1.5",
    "extIOR": "1",
    "reflectance": "wood5.jpg"
}, {
    "filename": "Mesh000.gem",
    "world": [1.0, 0.0, 0.0, 0.0, 0.0, 1.0, 0.0, 0.0, 0.0, 0.0, -1.0, 0.0, 0.0, 0.0, 0.0, 1.0],
    "bsdf": "diffuse",
    "reflectance": "0.893289_0.893289_0.893289_1.0.png"
}, {
    "filename": "Mesh009.gem",
    "world": [1.0, 0.0, 0.0, 0.0, 0.0, 1.0, 0.0, 0.0, 0.0, 0.0, -1.0, 0.0, 0.0, 0.0, 0.0, 1.0],
    "bsdf": "diffuse",
    "reflectance": "0.893289_0.893289_0.893289_1.0.png"
}, {
    "filename": "Disk.gem",
    "world": [0.104916, 1.58419e-08, -1.58419e-08, 1.80703, -1.58419e-08, 4.58603e-09, -0.104916, 5.61029, -1.58419e-08, 0.104916, 4.58603e-09, 1.498, 0.0, 0.0, 0.0, 1.0],
    "bsdf": "diffuse",
    "reflectance": "0 0 0_1.0.png",
    "emission": "1.5 1.5 1.5"
}, {
    "filename": "Disk.gem",
    "world": [0.104916, 1.58418e-08, -1.58418e-08, -1.5106, -1.58418e-08, 4.58601e-09, -0.104916, 5.61029, -1.58418e-08, 0.104916, 4.58601e-09, 1.498, 0.0, 0.0, 0.0, 1.0],
    "bsdf": "diffuse",
    "reflectance": "0 0 0_1.0.png",
    "emission": "1.5 1.5 1.5"
}, {
    "filename": "Disk.gem",
    "world": [0.104916, 1.58418e-08, -1.58418e-08, -4.82824, -1.58418e-08, 4.58601e-09, -0.104916, 5.61029, -1.58418e-08, 0.104916, 4.58601e-09, 1.498, 0.0, 0.0, 0.0, 1.0],
    "bsdf": "diffuse",
    "reflectance": "0 0 0_1.0.png",
    "emission": "1.5 1.5 1.5"
}, {
    "filename": "Disk.gem",
    "world": [0.104916, 1.58419e-08, -1.58419e-08, -8.14588, -1.58419e-08, 4.58602e-09, -0.104916, 5.61029, -1.58419e-08, 0.104916, 4.58602e-09, 1.498, 0.0, 0.0, 0.0, 1.0],
    "bsdf": "diffuse",
    "reflectance": "0 0 0_1.0.png",
    "emission": "1.5 1.5 1.5"
}, {
    "filename": "Disk.gem",
    "world": [0.104919, 1.58423e-08, -1.58423e-08, -11.4635, -1.58423e-08, 4.58614e-09, -0.104919, 5.61029, -1.58423e-08, 0.104919, 4.58614e-09, 1.498, 0.0, 0.0, 0.0, 1.0],
    "bsdf": "diffuse",
    "reflectance": "0 0 0_1.0.png",
    "emission": "1.5 1.5 1.5"
}, {
    "filename": "Rectangle.gem",
    "world": [1.30958e-16, -0.0685401, 3.40667e-09, -4.9271, -0.0685399, 1.79518e-17, 4.10688e-10, 5.54197, 2.99597e-09, 3.40667e-09, 0.00939546, -2.99324, 0.0, 0.0, 0.0, 1.0],
    "bsdf": "diffuse",
    "reflectance": "0 0 0_1.0.png",
    "emission": "1.5 1.5 1.5"
}, {
    "filename": "Rectangle.gem",
    "world": [1.30958e-16, -0.06854, 3.40667e-09, -2.3423, -0.06854, 1.79518e-17, 4.10688e-10, 3.96917, 2.99598e-09, 3.40667e-09, 0.00939546, -2.99324, 0.0, 0.0, 0.0, 1.0],
    "bsdf": "diffuse",
    "reflectance": "0 0 0_1.0.png",
    "emission": "1.5 1.5 1.5"
}, {
    "filename": "Rectangle.gem",
    "world": [1.30958e-16, -0.06854, 3.40667e-09, 0.09953, -0.06854, 1.79518e-17, 4.10689e-10, 2.52079, 2.99598e-09, 3.40667e-09, 0.00939546, -2.99324, 0.0, 0.0, 0.0, 1.0],
    "bsdf": "diffuse",
    "reflectance": "0 0 0_1.0.png",
    "emission": "1.5 1.5 1.5"
}, {
    "filename": "Rectangle.gem",
    "world": [1.30958e-16, -0.0685395, 3.40664e-09, 2.55064, -0.06854, 1.79516e-17, 4.10686e-10, 1.10026, 2.99598e-09, 3.40664e-09, 0.00939539, -2.99324, 0.0, 0.0, 0.0, 1.0],
    "bsdf": "diffuse",
    "reflectance": "0 0 0_1.0.png",
    "emission": "1.5 1.5 1.5"
}, {
    "filename": "Rectangle.gem",
    "world": [2.05978e-08, 6.49687, 1.11201e-06, -6.58052, 1.45785, 2.67642e-07, -6.12294, 9.92717, -0.471223, 1.11201e-06, -18.9429, 3.8854, 0.0, 0.0, 0.0, 1.0],
    "bsdf": "diffuse",
    "reflectance": "0 0 0_1.0.png",
    "emission": "1.59891 1.59891 1.59891"
}, {
    "filename": "Rectangle.gem",
    "world": [3.23149, 0.0, 0.0, -2.39589, 0.0, -2.5596, -8.34984e-07, 2.51811, 0.0, 8.34984e-07, -16.5426, 3.44375, 0.0, 0.0, 0.0, 1.0],
    "bsdf": "diffuse",
    "reflectance": "0 0 0_1.0.png",
    "emission": "4.575 3.59076 1.54977"
}, {
    "filename": "Rectangle.gem",
    "world": [-6.35813e-08, 3.12106e-07, 7.14016, -14.0938, -6.35813e-08, 2.45439, -1.07285e-07, 2.53529, 1.45457, 1.07285e-07, 3.12106e-07, 1.54359, 0.0, 0.0, 0.0, 1.0],
    "bsdf": "diffuse",
    "reflectance": "0 0 0_1.0.png",
    "emission": "4.575 3.59076 1.54977"
}, {
    "filename": "Rectangle.gem",
    "world": [6.69709e-08, 3.18081, -1.39037e-07, -1.43362, -2.31343e-07, 4.26043e-07, 9.74673, -2.85631, -1.53212, 1.39037e-07, -1.47171e-06, -1.32134, 0.0, 0.0, 0.0, 1.0],
    "bsdf": "diffuse",
    "reflectance": "0 0 0_1.0.png",
    "emission": "3.26581 3.26581 3.26581"
}]
}