{
    "width": "1280",
    "height": "720",
    "fov": "19.798877667885648",
    "from": "-23.115039825439453 11.678013801574707 -0.0",
    "to": "-22.222453773021698 11.227136671543121 -3.901617517954037e-08",
    "up": "-0.4508771300315857 0.8925860524177551 1.970846597032505e-08",
    "envmap": "qwantani_mid_morning_4k.hdr",
    "instances": [{
    "filename": "0.gem",
    "world": [1, 0, 0, 0, 0, 1, 0, 0, 0, 0, 1, 0, 0, 0, 0, 1],
    "bsdf": "conductor",
    "roughness": "0.02321282008605375",
    "extEta": "1",
    "reflectance": "1_1_1_1.0.png",
    "eta": "0.18 0.42 1.37",
    "k": "3.42 2.35 1.77"
}, {
    "filename": "1.gem",
    "world": [1, 0, 0, 0, 0, 1, 0, 0, 0, 0, 1, 0, 0, 0, 0, 1],
    "bsdf": "orennayar",
    "reflectance": "0.15098358690738678 0.8000000715255737 0.12239871919155121_1.0.png",
    "alpha": null
}, {
    "filename": "2.gem",
    "world": [1, 0, 0, 0, 0, 1, 0, 0, 0, 0, 1, 0, 0, 0, 0, 1],
    "bsdf": "glass",
    "reflectance": "1_1_1.png"
}, {
    "filename": "3.gem",
    "world": [1, 0, 0, 0, 0, 1, 0, 0, 0, 0, 1, 0, 0, 0, 0, 1],
    "bsdf": "mirror",
    "reflectance": "0.800000011920929 0.800000011920929 0.800000011920929_1.0.png"
}, {
    "filename": "4.gem",
    "world": [1, 0, 0, 0, 0, 1, 0, 0, 0, 0, 1, 0, 0, 0, 0, 1],
    "bsdf": "orennayar",
    "reflectance": "0.800000011920929 0.800000011920929 0.800000011920929_1.0.png",
    "alpha": null
}, {
    "filename": "5.gem",
    "world": [1, 0, 0, 0, 0, 1, 0, 0, 0, 0, 1, 0, 0, 0, 0, 1],
    "bsdf": "plastic",
    "roughness": "0.003803723578239983",
    "intIOR": "1.5",
    "extIOR": "1",
    "reflectance": "1_0.378676_0.0134734_1.0.png"
}, {
    "filename": "6.gem",
    "world": [1, 0, 0, 0, 0, 1, 0, 0, 0, 0, 1, 0, 0, 0, 0, 1],
    "bsdf": "diffuse",
    "reflectance": "0.893289 0.893289 0.893289_1.0.png"
}]
}