{
    "width": "1280",
    "height": "720",
    "fov": "35.0",
    "from": "28.2792 3.5 1.23612e-06",
    "to": "27.2792 3.5 1.1924087e-06",
    "up": "0.0 1.0 0.0",
    "instances": [{
    "filename": "Cube.gem",
    "world": [0.805757, 0.0961775, 0.0, 0.264069, -0.673242, 0.115108, 0.0, 4.09801, 0.0, 0.0, 4.0, 0.0, 0.0, 0.0, 0.0, 1.0],
    "bsdf": "conductor",
    "roughness": "3.8037235782399825e-05",
    "extEta": "1",
    "reflectance": "0.3_0.3_0.3_1.0.png",
    "eta": "0.200438 0.924033 1.10221",
    "k": "3.91295 2.45285 2.14219"
}, {
    "filename": "Cube.gem",
    "world": [0.972057, 0.0567134, 0.0, 3.06163, -0.396994, 0.138865, 0.0, 2.71702, 0.0, 0.0, 4.0, 0.0, 0.0, 0.0, 0.0, 1.0],
    "bsdf": "conductor",
    "roughness": "0.0009509308945599957",
    "extEta": "1",
    "reflectance": "0.3_0.3_0.3_1.0.png",
    "eta": "0.200438 0.924033 1.10221",
    "k": "3.91295 2.45285 2.14219"
}, {
    "filename": "Cube.gem",
    "world": [1.03191, 0.0277252, 0.0, 7.09981, -0.194077, 0.147415, 0.0, 1.81891, 0.0, 0.0, 4.0, 0.0, 0.0, 0.0, 0.0, 1.0],
    "bsdf": "conductor",
    "roughness": "0.003803723578239983",
    "extEta": "1",
    "reflectance": "0.3_0.3_0.3_1.0.png",
    "eta": "0.200438 0.924033 1.10221",
    "k": "3.91295 2.45285 2.14219"
}, {
    "filename": "Rectangle.gem",
    "world": [9.9, 0.0, 0.0, 4.9, 0.0, -4.32743e-07, 9.9, 0.0, 0.0, -23.76, -1.03858e-06, 0.0, 0.0, 0.0, 0.0, 1.0],
    "bsdf": "diffuse",
    "reflectance": "0.5_0.5_0.5_1.0.png"
}, {
    "filename": "Rectangle.gem",
    "world": [-4.32743e-07, -4.32743e-07, 9.9, -5.0, -9.9, 1.89158e-14, -4.32743e-07, 9.9, 0.0, -23.76, -1.03858e-06, 0.0, 0.0, 0.0, 0.0, 1.0],
    "bsdf": "diffuse",
    "reflectance": "0.5_0.5_0.5_1.0.png"
}, {
    "filename": "Sphere.gem",
    "world": [1.0, 0.0, 0.0, 0.0, 0.0, 1.0, 0.0, 6.5, 0.0, 0.0, 1.0, -2.8, 0.0, 0.0, 0.0, 1.0],
    "bsdf": "diffuse",
    "reflectance": "0_0_0_1.0.png",
    "emission": "7.59909 7.59909 7.59909"
}, {
    "filename": "Sphere.gem",
    "world": [0.5, 0.0, 0.0, 0.0, 0.0, 0.5, 0.0, 6.5, 0.0, 0.0, 0.5, 0.0, 0.0, 0.0, 0.0, 1.0],
    "bsdf": "diffuse",
    "reflectance": "0_0_0_1.0.png",
    "emission": "30.3964 30.3964 30.3964"
}, {
    "filename": "Sphere.gem",
    "world": [0.05, 0.0, 0.0, 0.0, 0.0, 0.05, 0.0, 6.5, 0.0, 0.0, 0.05, 2.7, 0.0, 0.0, 0.0, 1.0],
    "bsdf": "diffuse",
    "reflectance": "0_0_0_1.0.png",
    "emission": "3039.64 3039.64 3039.64"
}, {
    "filename": "Cube.gem",
    "world": [1.04217, 0.0182831, 0.0, 10.6769, -0.127982, 0.148882, 0.0, 1.23376, 0.0, 0.0, 4.0, 0.0, 0.0, 0.0, 0.0, 1.0],
    "bsdf": "conductor",
    "roughness": "0.023773272363999894",
    "extEta": "1",
    "reflectance": "0.3_0.3_0.3_1.0.png",
    "eta": "0.200438 0.924033 1.10221",
    "k": "3.91295 2.45285 2.14219"
}]
}